Pays,Code_ISO,Region,PIB_2024_Mds_USD,Population_2024_M,PIB_par_habitant_2024_USD,IDH_2024,Croissance_PIB_2024_Pct,Exportations_2024_Mds_USD,Importations_2024_Mds_USD,Balance_Commerciale_2024_Mds_USD,Export_Produit_1,Export_Produit_2,Export_Produit_3,Export_Produit_4,Export_Produit_5,Import_Produit_1,Import_Produit_2,Import_Produit_3,Import_Produit_4,Import_Produit_5,Partenaire_Export_1,Partenaire_Export_2,Partenaire_Import_1,Partenaire_Import_2,S_P_Rating_2024,Moodys_Rating_2024,Fitch_Rating_2024,Scope_Rating_2024,Date_MAJ_Notations,Risque_Global_2024,ZLECAf_Ratifie,Date_Ratification_ZLECAf,Sources_Principales,STATUT_VALIDATION,Derniere_MAJ,Annee_Reference_Donnees,Valide_par,Notes,Ports_Internationaux,Ports_Domestiques,Aeroports_Internationaux,Aeroports_Domestiques,Chemins_Fer_KM,Dette_Exterieure_Pct_PIB,Cout_Energie_USD_kWh,Life_Expectancy_2023,Gini_Index_2024,Poverty_Rate_3USD_2024,Urban_Population_Pct_2024,Electricity_Access_2022,Internet_Users_Pct_2024,Cybersecurity_Index_2024,Female_Labor_Force_Pct_2024,Learning_Poverty_2023,Water_Stress_2022,GHG_Emissions_Mt_2022,Mobile_3G_Coverage_2024,Population_2024_Millions,PIB_Habitant_USD_2024
Afrique du Sud,ZAF,Afrique Australe,373.0,59.3,6290,0.713,0.6,151.33,100.89,50.44,Platine (12%),Or (10%),Charbon (9%),Minerai de fer (8%),Diamants (7%),Pétrole brut (12%),Machines et équipements (25%),Véhicules (10%),Produits chimiques (8%),Produits alimentaires (6%),Chine,États-Unis,Chine,Allemagne,BB-,Ba2,BB-,BB-,2024-09,Élevé,Oui,2019-01-31,"PNUD 2024, Banque Mondiale 2024, FMI 2024, OMC 2024",Validé,2024-09-16,2024,Agent_ZLECAf_2024,"2e économie africaine, leader industriel",8.0,15.0,10.0,98.0,20500.0,62.3,0.15,64.13,63.0,18.9,68.8,89.3,72.3,91.5,46.2,81.0,25.3,,,,
Algérie,DZA,Afrique du Nord,266.78,44.7,5970,0.745,4.0,48.16,43.64,4.51,Pétrole brut (35%),Gaz naturel (30%),Produits pétroliers raffinés (15%),Engrais (8%),Produits chimiques (5%),Machines et équipements (20%),Produits alimentaires (18%),Véhicules (12%),Produits pharmaceutiques (10%),Textiles et vêtements (8%),Italie,Espagne,Chine,France,B+,NR,NR,NR,2024-09,Élevé,Oui,2019-02-02,"FMI WEO Oct 2024, Banque d'Algérie, INS Algérie",Validé,2024-09-16,2024,Agent_ZLECAf_2024,"PIB corrigé 278 Mds USD, 3e rang africain",10.0,8.0,15.0,28.0,4498.0,18.5,0.04,76.26,37.4,0.0,75.75,100.0,76.9,66.0,13.99,67.9,144.81,276.3,99.0,,
Angola,AGO,Afrique Centrale,92.0,36.7,2028,0.586,4.4,42.57,14.69,27.88,Pétrole brut (92%),Diamants (4%),Produits pétroliers raffinés (2%),Café (1%),Poissons (1%),Machines et équipements (30%),Véhicules (15%),Produits alimentaires (20%),Produits chimiques (10%),Textiles (8%),Chine,Inde,Chine,Portugal,B-,B3,B-,B-,2024-05,Élevé,Oui,2020-10-06,"PNUD 2024, Banque Mondiale 2024, FMI 2024, OMC 2024",Validé,2024-09-16,2024,Agent_ZLECAf_2024,Économie dépendante du pétrole,4.0,8.0,4.0,31.0,2850.0,88.4,0.22,61.6,51.3,52.4,68.1,48.0,33.0,58.0,68.0,,,,,32.8,2805.0
Botswana,BWA,Afrique Australe,20.4,2.7,6711,0.693,4.2,4.17,6.46,-2.29,Diamants (85%),Cuivre-nickel (7%),Viande bovine (4%),Textiles (2%),Produits chimiques (2%),Produits alimentaires (22%),Machines et équipements (20%),Véhicules (15%),Carburants (12%),Produits chimiques (10%),Belgique,Inde,Afrique du Sud,Canada,A-,A2,A-,A-,2024-08,Faible,Oui,2023-02-16,"PNUD 2024, Banque Mondiale 2024, FMI 2024, OMC 2024",Validé,2024-09-16,2024,Agent_ZLECAf_2024,"Économie stable, leader diamants",0.0,0.0,3.0,72.0,888.0,11.2,0.11,61.1,53.3,16.1,71.6,76.3,68.0,70.5,70.0,,,,,,
Burkina Faso,BFA,,20.9,23.5,893,0.449,5.5,9.49,6.27,3.23,Or (75%),Coton (15%),Animaux vivants (5%),Noix de karité (3%),Sésame (2%),Produits pétroliers (20%),Machines (18%),Produits alimentaires (15%),Véhicules (12%),Produits chimiques (10%),Suisse (45%),Inde (12%),Chine (12%),Côte d'Ivoire (11%),B,B2,B,B,2024-02,Élevé,Oui,2019-05-27,"PNUD 2024, Banque Mondiale 2024, FMI 2024, OMC 2024, Agences notation 2024",Données 2024 complètes et validées,2024-09-16,2024,Agent_ZLECAf_2024,Fichier enrichi 2024 avec commerce international et produits détaillés,0.0,0.0,1.0,23.0,622.0,54.2,0.22,61.6,35.3,70.3,32.0,19.5,23.0,40.5,77.0,,,,,,
Burundi,BDI,,3.8,13.2,237,0.426,3.5,0.07,0.48,-0.42,Café (60%),Thé (15%),Or (10%),Minerais de cobalt (8%),Peaux et cuirs (7%),Produits pétroliers (25%),Machines (20%),Véhicules (15%),Produits alimentaires (12%),Produits chimiques (10%),Allemagne (25%),Belgique (15%),Chine (18%),Arabie Saoudite (12%),B-,B3,B-,B-,2024-01,Élevé,Oui,2021-06-17,"PNUD 2024, Banque Mondiale 2024, FMI 2024, OMC 2024, Agences notation 2024",Données 2024 complètes et validées,2024-09-16,2024,Agent_ZLECAf_2024,Fichier enrichi 2024 avec commerce international et produits détaillés,0.0,1.0,1.0,6.0,0.0,73.5,0.22,61.7,38.6,87.4,14.3,11.7,14.0,28.0,84.0,,,,,,
Cameroun,CMR,,47.3,29.3,1663,0.563,4.2,6.92,8.25,-1.34,Pétrole brut (40%),Cacao (15%),Bois (12%),Café (8%),Coton (7%),Machines et équipements (25%),Produits pétroliers (18%),Produits alimentaires (15%),Véhicules (12%),Produits chimiques (10%),Pays-Bas (15%),France (12%),Chine (20%),France (12%),B,B2,B,B,2024-04,Élevé,Oui,2020-01-31,"PNUD 2024, Banque Mondiale 2024, FMI 2024, OMC 2024, Agences notation 2024",Données 2024 complètes et validées,2024-09-16,2024,Agent_ZLECAf_2024,Fichier enrichi 2024 avec commerce international et produits détaillés,3.0,5.0,3.0,42.0,977.0,45.8,0.14,60.3,46.6,41.5,58.5,70.0,46.0,60.5,64.0,,,,,,
Cap-Vert,CPV,,2.1,0.6,3900,0.665,4.5,0.08,1.04,-0.96,Poissons et crustacés (85%),Chaussures (8%),Vêtements (4%),Produits alimentaires (2%),Produits chimiques (1%),Produits alimentaires (25%),Machines et équipements (20%),Carburants (15%),Véhicules (12%),Textiles (10%),Espagne (65%),Portugal (12%),Portugal (38%),Espagne (12%),B+,B1,B+,B+,2024-07,Élevé,Oui,2020-11-13,"PNUD 2024, Banque Mondiale 2024, FMI 2024, OMC 2024, Agences notation 2024",Données 2024 complètes et validées,2024-09-16,2024,Agent_ZLECAf_2024,Fichier enrichi 2024 avec commerce international et produits détaillés,8.0,0.0,4.0,5.0,0.0,155.2,0.26,74.1,42.4,12.2,67.5,96.8,70.0,55.0,46.0,,,,,,
Comores,COM,,1.3,0.9,1458,0.558,3.2,0.05,0.35,-0.3,Vanille (40%),Clous de girofle (25%),Ylang-ylang (15%),Coprah (10%),Poissons (10%),Produits alimentaires (35%),Machines et équipements (20%),Carburants (15%),Véhicules (10%),Textiles (8%),France (35%),Inde (20%),France (18%),Chine (15%),NR,NR,NR,B-,2024-06,Non évalué,Oui,2023-02-11,"PNUD 2024, Banque Mondiale 2024, FMI 2024, OMC 2024, Agences notation 2024",Données 2024 complètes et validées,2024-09-16,2024,Agent_ZLECAf_2024,Fichier enrichi 2024 avec commerce international et produits détaillés,3.0,0.0,3.0,1.0,0.0,32.8,0.3,64.6,45.3,45.0,29.8,87.3,25.0,30.0,36.0,,,,,,
Congo,COG,,14.2,6.2,1826,0.571,2.8,8.54,4.87,3.67,Pétrole brut (75%),Bois (15%),Minerais de potasse (5%),Cacao (3%),Café (2%),Machines et équipements (30%),Produits alimentaires (25%),Véhicules (15%),Produits chimiques (12%),Textiles (8%),Chine (40%),Italie (12%),France (20%),Chine (18%),B-,B3,B-,B-,2024-02,Élevé,Oui,2019-02-07,"PNUD 2024, Banque Mondiale 2024, FMI 2024, OMC 2024, Agences notation 2024",Données 2024 complètes et validées,2024-09-16,2024,Agent_ZLECAf_2024,Fichier enrichi 2024 avec commerce international et produits détaillés,2.0,3.0,2.0,24.0,795.0,108.3,0.13,64.6,48.9,50.3,68.7,52.2,25.0,45.0,58.0,,,,,,
Côte d’Ivoire,CIV,,86.54,29.4,2574,0.55,6.0,25.58,18.67,6.92,Cacao (35%),Pétrole raffiné (20%),Or (12%),Café (8%),Caoutchouc (7%),Pétrole brut (20%),Machines et équipements (18%),Produits alimentaires (15%),Véhicules (12%),Produits chimiques (10%),Pays-Bas (12%),États-Unis (8%),Chine (15%),Nigeria (14%),B+,Ba3,B+,B+,2024-09,Élevé,Oui,2018-11-13,"PNUD 2024, Banque Mondiale 2024, FMI 2024, OMC 2024, Agences notation 2024",Données 2024 complètes et validées,2024-09-16,2024,Agent_ZLECAf_2024,Fichier enrichi 2024 avec commerce international et produits détaillés,2.0,3.0,2.0,26.0,660.0,58.7,0.17,58.6,37.2,38.8,52.7,70.5,58.0,62.3,48.5,,,,,28.9,2760.0
Djibouti,DJI,,3.9,1.1,3571,0.509,5.5,0.19,6.91,-6.71,Services de transit (60%),Sel (15%),Peaux et cuirs (10%),Café (réexportation) (8%),Poissons (7%),Produits alimentaires (30%),Machines et équipements (20%),Carburants (18%),Véhicules (12%),Produits chimiques (8%),Éthiopie (75%),Somalie (8%),Chine (20%),Émirats Arabes Unis (15%),B+,B2,B+,B+,2024-04,Élevé,Oui,2019-02-05,"PNUD 2024, Banque Mondiale 2024, FMI 2024, OMC 2024, Agences notation 2024",Données 2024 complètes et validées,2024-09-16,2024,Agent_ZLECAf_2024,Fichier enrichi 2024 avec commerce international et produits détaillés,1.0,0.0,1.0,12.0,97.0,42.3,0.22,67.1,41.6,22.5,78.5,64.9,59.0,58.0,41.0,,,,,,
Eswatini,SWZ,,4.7,1.2,3726,0.611,2.5,2.18,2.13,0.05,Sucre (25%),Textiles (20%),Pâte de bois (15%),Concentrés de minerai (12%),Agrumes (10%),Machines et équipements (25%),Véhicules (18%),Produits alimentaires (15%),Carburants (12%),Produits chimiques (10%),Afrique du Sud (60%),États-Unis (8%),Afrique du Sud (80%),Chine (5%),B+,B1,B+,B+,2024-03,Élevé,Oui,2018-06-21,"PNUD 2024, Banque Mondiale 2024, FMI 2024, OMC 2024, Agences notation 2024",Données 2024 complètes et validées,2024-09-16,2024,Agent_ZLECAf_2024,Fichier enrichi 2024 avec commerce international et produits détaillés,0.0,0.0,1.0,13.0,301.0,42.5,0.09,57.1,54.6,33.0,24.2,83.0,59.0,55.0,45.0,,,,,,
Gabon,GAB,,20.9,2.4,8017,0.706,2.8,8.05,2.72,5.34,Pétrole brut (70%),Bois (15%),Manganèse (10%),Uranium (3%),Caoutchouc (2%),Machines et équipements (30%),Produits alimentaires (25%),Véhicules (15%),Produits chimiques (12%),Textiles (8%),Chine (35%),États-Unis (12%),France (28%),Chine (12%),B+,B1,B+,B+,2024-06,Élevé,Oui,2019-07-02,"PNUD 2024, Banque Mondiale 2024, FMI 2024, OMC 2024, Agences notation 2024",Données 2024 complètes et validées,2024-09-16,2024,Agent_ZLECAf_2024,Fichier enrichi 2024 avec commerce international et produits détaillés,2.0,4.0,2.0,42.0,649.0,76.8,0.15,66.5,38.0,8.0,90.5,92.2,72.0,52.0,51.0,,,,,,
Gambie,GMB,,2.1,2.8,836,0.5,4.8,0.21,2.05,-1.84,Noix de cajou (40%),Poissons (25%),Arachides (15%),Textiles (10%),Bois (5%),Produits alimentaires (30%),Machines et équipements (20%),Carburants (15%),Véhicules (12%),Textiles (10%),Chine (25%),Inde (18%),Chine (22%),Brésil (8%),B,B3,B,B,2024-02,Élevé,Oui,2019-04-11,"PNUD 2024, Banque Mondiale 2024, FMI 2024, OMC 2024, Agences notation 2024",Données 2024 complètes et validées,2024-09-16,2024,Agent_ZLECAf_2024,Fichier enrichi 2024 avec commerce international et produits détaillés,1.0,1.0,1.0,0.0,0.0,89.5,0.28,62.1,35.9,37.6,63.2,64.0,33.0,42.0,70.0,,,,,,
Ghana,GHA,,76.0,33.5,2270,0.632,5.7,16.03,20.39,-4.36,Or (45%),Cacao (20%),Pétrole (15%),Noix de cajou (8%),Bois (5%),Machines et équipements (20%),Produits pétroliers (18%),Véhicules (15%),Produits alimentaires (12%),Produits chimiques (10%),Inde (23%),Suisse (15%),Chine (18%),États-Unis (8%),CCC+,Caa2,CCC,CCC+,2024-09,Très Élevé,Oui,2018-05-07,"PNUD 2024, Banque Mondiale 2024, FMI 2024, OMC 2024, Agences notation 2024",Données 2024 complètes et validées,2024-09-16,2024,Agent_ZLECAf_2024,Fichier enrichi 2024 avec commerce international et produits détaillés,2.0,3.0,2.0,8.0,947.0,83.1,0.24,64.1,43.5,27.0,59.0,86.0,68.0,68.5,67.2,,,,,,
Guinée,GIN,,18.9,14.2,1265,0.465,5.8,9.64,7.76,1.88,Bauxite (55%),Or (25%),Diamants (8%),Café (5%),Poissons (4%),Machines et équipements (25%),Produits pétroliers (20%),Produits alimentaires (18%),Véhicules (12%),Produits chimiques (10%),Chine (35%),Inde (12%),Chine (20%),Pays-Bas (8%),B-,B3,B-,B-,2024-05,Élevé,Oui,2018-07-31,"PNUD 2024, Banque Mondiale 2024, FMI 2024, OMC 2024, Agences notation 2024",Données 2024 complètes et validées,2024-09-16,2024,Agent_ZLECAf_2024,Fichier enrichi 2024 avec commerce international et produits détaillés,1.0,3.0,1.0,15.0,662.0,45.8,0.2,61.6,29.6,65.2,37.2,46.2,35.0,38.0,66.0,,,,,,
Guinée équatoriale,GNQ,,12.1,1.7,7050,0.596,-2.5,4.47,1.02,3.46,Pétrole brut (85%),Gaz naturel (10%),Bois (3%),Cacao (1%),Café (1%),Machines et équipements (35%),Produits alimentaires (25%),Véhicules (15%),Produits chimiques (10%),Textiles (8%),Chine (28%),Inde (15%),Chine (18%),Espagne (15%),CCC+,Caa1,CCC+,CCC+,2024-01,Très Élevé,Oui,2019-06-28,"PNUD 2024, Banque Mondiale 2024, FMI 2024, OMC 2024, Agences notation 2024",Données 2024 complètes et validées,2024-09-16,2024,Agent_ZLECAf_2024,Fichier enrichi 2024 avec commerce international et produits détaillés,2.0,3.0,1.0,6.0,0.0,43.2,0.12,59.7,0.0,25.0,74.4,67.2,30.0,40.0,81.0,,,,,,
Guinée-Bissau,GNB,,1.6,2.2,851,0.483,4.2,0.22,0.53,-0.31,Noix de cajou (85%),Poissons (8%),Bois (4%),Arachides (2%),Coton (1%),Produits alimentaires (35%),Machines et équipements (20%),Carburants (15%),Véhicules (10%),Textiles (8%),Inde (75%),Vietnam (8%),Portugal (18%),Sénégal (15%),NR,NR,NR,CCC,2024-01,Non évalué,Oui,2022-08-08,"PNUD 2024, Banque Mondiale 2024, FMI 2024, OMC 2024, Agences notation 2024",Données 2024 complètes et validées,2024-09-16,2024,Agent_ZLECAf_2024,Fichier enrichi 2024 avec commerce international et produits détaillés,1.0,2.0,1.0,7.0,0.0,78.4,0.25,59.7,50.7,67.1,45.2,38.0,28.0,30.0,68.0,,,,,,
Kenya,KEN,,104.0,53.8,1935,0.601,4.7,8.74,23.63,-14.89,Thé (22%),Fleurs coupées (15%),Café (8%),Légumes (7%),Textiles (6%),Machines et équipements (20%),Produits pétroliers (18%),Véhicules (12%),Fer et acier (8%),Produits alimentaires (10%),États-Unis (9%),Pays-Bas (8%),Chine (21%),Inde (11%),B+,B2,B+,B+,2024-08,Élevé,Oui,2018-05-06,"PNUD 2024, Banque Mondiale 2024, FMI 2024, OMC 2024, Agences notation 2024",Données 2024 complètes et validées,2024-09-16,2024,Agent_ZLECAf_2024,Fichier enrichi 2024 avec commerce international et produits détaillés,3.0,6.0,4.0,191.0,3819.0,68.5,0.2,61.4,38.7,36.8,29.5,76.5,29.4,83.6,61.8,,,,,,
Lesotho,LSO,,2.3,2.3,1113,0.514,2.2,1.22,1.91,-0.69,Textiles (75%),Diamants (15%),Laine (5%),Produits alimentaires (3%),Chaussures (2%),Produits alimentaires (30%),Machines et équipements (20%),Véhicules (15%),Carburants (12%),Textiles (10%),États-Unis (45%),Afrique du Sud (35%),Afrique du Sud (85%),Chine (5%),B+,B1,B+,B+,2024-04,Élevé,Oui,2020-10-20,"PNUD 2024, Banque Mondiale 2024, FMI 2024, OMC 2024, Agences notation 2024",Données 2024 complètes et validées,2024-09-16,2024,Agent_ZLECAf_2024,Fichier enrichi 2024 avec commerce international et produits détaillés,0.0,0.0,1.0,23.0,2.6,59.8,0.1,54.3,44.9,41.5,30.4,50.9,48.0,48.0,62.0,,,,,,
Malawi,MWI,,13.2,21.1,688,0.512,5.5,1.01,3.24,-2.23,Tabac (55%),Thé (15%),Sucre (8%),Café (7%),Légumineuses (6%),Carburants (20%),Machines et équipements (18%),Produits alimentaires (15%),Véhicules (12%),Engrais (10%),Belgique (12%),États-Unis (10%),Afrique du Sud (18%),Chine (12%),B-,B3,B-,B-,2024-02,Élevé,Oui,2020-11-01,"PNUD 2024, Banque Mondiale 2024, FMI 2024, OMC 2024, Agences notation 2024",Données 2024 complètes et validées,2024-09-16,2024,Agent_ZLECAf_2024,Fichier enrichi 2024 avec commerce international et produits détaillés,0.0,3.0,2.0,28.0,767.0,62.8,0.18,63.8,44.7,70.5,18.4,15.1,18.0,38.0,84.0,,,,,,
Mali,MLI,,19.9,23.3,931,0.428,4.5,1.26,6.14,-4.87,Or (75%),Coton (15%),Animaux vivants (5%),Noix de karité (3%),Sésame (2%),Machines et équipements (25%),Carburants (20%),Produits alimentaires (18%),Véhicules (12%),Produits chimiques (10%),Suisse (25%),Émirats Arabes Unis (15%),Chine (15%),Sénégal (12%),CCC+,Caa2,CCC+,CCC+,2024-01,Très Élevé,Oui,2019-01-11,"PNUD 2024, Banque Mondiale 2024, FMI 2024, OMC 2024, Agences notation 2024",Données 2024 complètes et validées,2024-09-16,2024,Agent_ZLECAf_2024,Fichier enrichi 2024 avec commerce international et produits détaillés,0.0,0.0,1.0,24.0,593.0,51.8,0.2,59.3,33.0,64.3,45.2,54.0,43.0,42.5,56.0,,,,,,
Maroc,MAR,,152.0,37.0,4100,0.683,3.2,63.32,89.17,-25.85,Phosphates (18%),Textiles (16%),Produits alimentaires (14%),Véhicules (12%),Produits chimiques (10%),Machines et équipements (20%),Carburants (15%),Produits alimentaires (12%),Textiles (10%),Produits chimiques (8%),Espagne (23%),France (22%),Espagne (16%),France (12%),BBB-,Ba1,BBB-,BBB-,2024-08,Modéré,Oui,2022-02-24,"PNUD 2024, Banque Mondiale 2024, FMI 2024, OMC 2024, Agences notation 2024",Données 2024 complètes et validées,2024-09-16,2024,Agent_ZLECAf_2024,Fichier enrichi 2024 avec commerce international et produits détaillés,12.0,20.0,8.0,47.0,2067.0,74.5,0.11,76.9,39.5,1.0,64.7,100.0,88.1,82.1,22.8,,,,,,
Maurice,MUS,,16.7,1.3,11818,0.802,6.5,2.49,7.0,-4.51,Textiles (35%),Sucre (20%),Poissons (15%),Services financiers (12%),Bijoux (8%),Machines et équipements (20%),Produits pétroliers (15%),Produits alimentaires (18%),Véhicules (12%),Textiles (10%),Royaume-Uni (13%),France (12%),Chine (15%),Inde (13%),BBB+,Baa2,BBB+,BBB+,2024-09,Modéré,Oui,2019-09-30,"PNUD 2024, Banque Mondiale 2024, FMI 2024, OMC 2024, Agences notation 2024",Données 2024 complètes et validées,2024-09-16,2024,Agent_ZLECAf_2024,Fichier enrichi 2024 avec commerce international et produits détaillés,1.0,0.0,2.0,3.0,0.0,102.8,0.19,74.9,36.8,0.4,40.9,100.0,67.0,76.5,47.0,,,,,,
Mauritanie,MRT,,9.1,5.1,1658,0.556,4.8,4.76,5.62,-0.86,Minerai de fer (40%),Or (25%),Cuivre (15%),Poissons (12%),Animaux vivants (8%),Machines et équipements (25%),Produits alimentaires (20%),Carburants (18%),Véhicules (12%),Produits chimiques (10%),Chine (35%),Suisse (12%),Chine (15%),France (12%),B+,B1,B+,B+,2024-07,Élevé,Oui,2019-01-31,"PNUD 2024, Banque Mondiale 2024, FMI 2024, OMC 2024, Agences notation 2024",Données 2024 complètes et validées,2024-09-16,2024,Agent_ZLECAf_2024,Fichier enrichi 2024 avec commerce international et produits détaillés,2.0,3.0,1.0,29.0,728.0,95.4,0.16,64.9,32.6,26.8,56.9,56.1,45.0,48.0,29.0,,,,,,
Mozambique,MOZ,,18.1,34.0,532,0.446,4.2,13.97,16.48,-2.51,Gaz naturel (25%),Aluminium (20%),Charbon (15%),Crevettes (12%),Noix de cajou (10%),Machines et équipements (25%),Carburants (18%),Produits alimentaires (15%),Véhicules (12%),Produits chimiques (10%),Pays-Bas (15%),Inde (12%),Afrique du Sud (18%),Chine (12%),CCC+,Caa2,CCC+,CCC+,2024-04,Très Élevé,Oui,2023-06-20,"PNUD 2024, Banque Mondiale 2024, FMI 2024, OMC 2024, Agences notation 2024",Données 2024 complètes et validées,2024-09-16,2024,Agent_ZLECAf_2024,Fichier enrichi 2024 avec commerce international et produits détaillés,3.0,7.0,3.0,94.0,4787.0,102.5,0.17,60.2,54.0,74.0,38.8,32.2,23.0,42.0,86.0,,,,,,
Namibie,NAM,,12.4,2.6,4330,0.615,3.5,7.99,9.26,-1.26,Diamants (40%),Uranium (25%),Zinc (10%),Poissons (12%),Viande bovine (8%),Machines et équipements (25%),Carburants (15%),Produits alimentaires (18%),Véhicules (12%),Produits chimiques (10%),Afrique du Sud (25%),Botswana (15%),Afrique du Sud (45%),Chine (8%),BB-,Ba3,BB-,BB-,2024-05,Élevé,Oui,2019-01-25,"PNUD 2024, Banque Mondiale 2024, FMI 2024, OMC 2024, Agences notation 2024",Données 2024 complètes et validées,2024-09-16,2024,Agent_ZLECAf_2024,Fichier enrichi 2024 avec commerce international et produits détaillés,2.0,3.0,2.0,110.0,2628.0,66.3,0.14,63.7,59.1,26.0,54.0,56.4,53.0,65.0,57.0,,,,,,
Niger,NER,,16.6,27.2,595,0.4,6.8,1.58,1.72,-0.14,Uranium (75%),Or (12%),Animaux vivants (8%),Légumineuses (3%),Oignons (2%),Machines et équipements (25%),Carburants (20%),Produits alimentaires (18%),Véhicules (12%),Produits chimiques (10%),France (28%),Nigeria (15%),Chine (15%),France (12%),B,B3,B,B,2024-01,Élevé,Oui,2018-05-28,"PNUD 2024, Banque Mondiale 2024, FMI 2024, OMC 2024, Agences notation 2024",Données 2024 complètes et validées,2024-09-16,2024,Agent_ZLECAf_2024,Fichier enrichi 2024 avec commerce international et produits détaillés,0.0,0.0,1.0,26.0,0.0,48.3,0.19,62.4,34.3,81.4,16.8,19.5,22.0,35.0,40.0,,,,,,
Nigéria,NGA,Afrique de l'Ouest,253.0,218.5,1160,0.548,3.3,63.62,50.89,12.72,Pétrole brut (85%),Cacao (4%),Caoutchouc (3%),Noix de palme (2%),Coton (2%),Machines et équipements (20%),Produits chimiques (15%),Véhicules (12%),Produits alimentaires (18%),Textiles (8%),Inde (16%),Espagne (10%),Chine (28%),États-Unis (8%),B-,B2,B,B-,2024-09,Élevé,Oui,2020-12-03,"PNUD 2024, Banque Mondiale 2024, FMI 2024, OMC 2024, Agences notation 2024",Données 2024 complètes et validées,2024-09-16,2024,Agent_ZLECAf_2024,Fichier enrichi 2024 avec commerce international et produits détaillés,9.0,12.0,5.0,52.0,3505.0,38.7,0.18,52.7,35.1,39.1,53.5,55.4,55.4,64.2,52.6,,,,,,
Ouganda,UGA,,48.1,48.6,971,0.544,5.3,8.89,13.92,-5.02,Café (22%),Or (18%),Thé (8%),Poissons (7%),Coton (6%),Machines et équipements (20%),Carburants (18%),Véhicules (12%),Produits alimentaires (10%),Produits chimiques (8%),Émirats Arabes Unis (58%),Kenya (9%),Chine (17%),Inde (17%),B+,B2,B+,B+,2024-07,Élevé,Oui,2018-11-20,"PNUD 2024, Banque Mondiale 2024, FMI 2024, OMC 2024, Agences notation 2024",Données 2024 complètes et validées,2024-09-16,2024,Agent_ZLECAf_2024,Fichier enrichi 2024 avec commerce international et produits détaillés,0.0,1.0,2.0,45.0,1244.0,52.3,0.12,62.7,42.7,61.7,26.2,47.0,23.0,58.9,73.1,,,,,,
Rwanda,RWA,,13.3,14.1,1030,0.534,7.8,0.58,2.1,-1.52,Café (24%),Thé (18%),Minerais de tungstène (15%),Minerais d'étain (12%),Textiles (8%),Machines et équipements (25%),Carburants (18%),Produits alimentaires (15%),Véhicules (12%),Produits chimiques (10%),RD Congo (32%),États-Unis (11%),Chine (17%),Inde (10%),B+,B1,B+,B+,2024-07,Élevé,Oui,2018-05-25,"PNUD 2024, Banque Mondiale 2024, FMI 2024, OMC 2024, Agences notation 2024",Données 2024 complètes et validées,2024-09-16,2024,Agent_ZLECAf_2024,Fichier enrichi 2024 avec commerce international et produits détaillés,0.0,0.0,1.0,6.0,0.0,73.2,0.23,66.1,43.7,56.0,17.9,46.6,33.0,69.8,84.0,,,,,,
République centrafricaine,CAF,,2.3,5.7,511,0.387,1.0,0.25,0.81,-0.56,Diamants (50%),Bois (25%),Café (10%),Coton (8%),Or (7%),Produits pétroliers (30%),Machines (20%),Produits alimentaires (18%),Véhicules (12%),Médicaments (8%),Belgique (30%),Chine (15%),France (20%),Cameroun (15%),CCC+,Caa2,CCC+,CCC+,2024-01,Très Élevé,Oui,2020-04-09,"PNUD 2024, Banque Mondiale 2024, FMI 2024, OMC 2024, Agences notation 2024",Données 2024 complètes et validées,2024-09-16,2024,Agent_ZLECAf_2024,Fichier enrichi 2024 avec commerce international et produits détaillés,0.0,0.0,1.0,37.0,0.0,52.7,0.27,53.9,56.2,86.3,42.2,14.3,12.0,25.0,72.0,,,,,,
République démocratique du Congo,COD,,69.5,102.3,664,0.457,6.2,29.6,11.52,18.08,Cuivre (45%),Cobalt (25%),Diamants (15%),Or (8%),Pétrole brut (7%),Machines et équipements (25%),Produits alimentaires (20%),Carburants (15%),Véhicules (12%),Produits chimiques (10%),Chine (45%),Zambie (8%),Chine (22%),Afrique du Sud (8%),CCC+,Caa2,CCC+,CCC+,2024-05,Très Élevé,Oui,2022-01-28,"PNUD 2024, Banque Mondiale 2024, FMI 2024, OMC 2024, Agences notation 2024",Données 2024 complètes et validées,2024-09-16,2024,Agent_ZLECAf_2024,Fichier enrichi 2024 avec commerce international et produits détaillés,1.0,2.0,1.0,5.0,500.0,60.0,0.2,60.7,42.1,76.6,46.8,19.1,23.0,38.0,69.0,,,,,,
Sao Tomé-et-Principe,STP,,0.5,0.23,2291,0.618,3.5,0.05,0.15,-0.1,Cacao (75%),Café (15%),Coprah (5%),Poissons (3%),Re-exportations (2%),Produits alimentaires (40%),Machines et équipements (20%),Carburants (15%),Véhicules (10%),Textiles (8%),Pays-Bas (27%),Belgique (18%),Portugal (55%),Angola (15%),B+,B2,B+,B+,2024-03,Élevé,Oui,2019-05-28,"PNUD 2024, Banque Mondiale 2024, FMI 2024, OMC 2024, Agences notation 2024",Données 2024 complètes et validées,2024-09-16,2024,Agent_ZLECAf_2024,Fichier enrichi 2024 avec commerce international et produits détaillés,1.0,1.0,1.0,1.0,0.0,102.4,0.24,70.4,56.3,37.0,75.9,73.8,58.0,35.0,43.0,,,,,,
Seychelles,SYC,,1.7,0.1,17470,0.785,4.2,0.9,1.63,-0.73,Poissons (85%),Cannelle (8%),Coprah (4%),Vanille (2%),Re-exportations (1%),Produits alimentaires (25%),Machines et équipements (20%),Carburants (15%),Véhicules (12%),Produits chimiques (10%),Émirats Arabes Unis (16%),France (13%),Émirats Arabes Unis (13%),France (12%),B+,B1,B+,B+,2024-06,Élevé,Oui,2021-07-08,"PNUD 2024, Banque Mondiale 2024, FMI 2024, OMC 2024, Agences notation 2024",Données 2024 complètes et validées,2024-09-16,2024,Agent_ZLECAf_2024,Fichier enrichi 2024 avec commerce international et produits détaillés,1.0,0.0,2.0,12.0,0.0,83.5,0.27,73.4,32.1,0.0,57.5,100.0,82.0,68.0,50.0,,,,,,
Sierra Leone,SLE,,4.1,8.8,527,0.477,3.2,1.52,2.08,-0.56,Minerai de fer (45%),Diamants (25%),Rutile (12%),Cacao (8%),Café (5%),Machines et équipements (25%),Carburants (18%),Produits alimentaires (20%),Véhicules (12%),Produits chimiques (10%),Chine (52%),Belgique (18%),Chine (11%),États-Unis (8%),B-,B3,B-,B-,2024-02,Élevé,Oui,2019-04-19,"PNUD 2024, Banque Mondiale 2024, FMI 2024, OMC 2024, Agences notation 2024",Données 2024 complètes et validées,2024-09-16,2024,Agent_ZLECAf_2024,Fichier enrichi 2024 avec commerce international et produits détaillés,1.0,2.0,1.0,7.0,84.0,74.8,0.26,60.1,35.7,56.8,43.8,26.2,31.0,38.0,65.0,,,,,,
Sénégal,SEN,,29.6,18.3,1658,0.511,8.2,6.78,16.07,-9.29,Or (25%),Poissons (20%),Phosphates (15%),Arachides (12%),Produits pétroliers (10%),Produits pétroliers (20%),Machines et équipements (18%),Produits alimentaires (15%),Véhicules (12%),Produits chimiques (10%),Mali (15%),Suisse (12%),France (16%),Chine (10%),B+,Ba3,B+,B+,2024-09,Élevé,Oui,2019-03-12,"PNUD 2024, Banque Mondiale 2024, FMI 2024, OMC 2024, Agences notation 2024",Données 2024 complètes et validées,2024-09-16,2024,Agent_ZLECAf_2024,Fichier enrichi 2024 avec commerce international et produits détaillés,2.0,4.0,1.0,19.0,906.0,72.5,0.19,67.9,40.3,34.9,49.6,68.3,58.0,72.1,66.0,,,,,,
Tanzanie,TZA,,80.0,59.7,1340,0.549,5.5,11.93,20.41,-8.48,Or (40%),Café (8%),Noix de cajou (7%),Tabac (6%),Coton (5%),Machines et équipements (20%),Carburants (18%),Véhicules (12%),Produits alimentaires (10%),Produits chimiques (8%),Inde (20%),Afrique du Sud (12%),Chine (17%),Inde (15%),B+,B2,B+,B+,2024-08,Élevé,Oui,2022-01-17,"PNUD 2024, Banque Mondiale 2024, FMI 2024, OMC 2024, Agences notation 2024",Données 2024 complètes et validées,2024-09-16,2024,Agent_ZLECAf_2024,Fichier enrichi 2024 avec commerce international et produits détaillés,3.0,5.0,3.0,162.0,3682.0,42.1,0.16,66.2,40.5,49.4,37.4,43.7,32.0,52.3,80.3,,,,,,
Tchad,TCD,,18.6,18.3,643,0.394,2.5,3.48,1.16,2.32,Pétrole brut (85%),Coton (8%),Animaux vivants (4%),Gomme arabique (2%),Sésame (1%),Machines et équipements (30%),Produits alimentaires (20%),Véhicules (15%),Produits chimiques (12%),Textiles (8%),États-Unis (38%),Chine (18%),Chine (20%),Cameroun (15%),CCC,Caa3,CCC,CCC,2024-03,Très Élevé,Oui,2018-06-29,"PNUD 2024, Banque Mondiale 2024, FMI 2024, OMC 2024, Agences notation 2024",Données 2024 complètes et validées,2024-09-16,2024,Agent_ZLECAf_2024,Fichier enrichi 2024 avec commerce international et produits détaillés,0.0,0.0,1.0,56.0,0.0,52.1,0.25,54.2,43.3,74.2,23.9,11.1,18.0,30.0,64.0,,,,,,
Togo,TGO,,8.3,9.0,1011,0.539,5.8,2.88,11.0,-8.11,Phosphates (30%),Coton (25%),Cacao (15%),Café (10%),Noix de karité (8%),Machines et équipements (25%),Carburants (20%),Produits alimentaires (15%),Véhicules (12%),Textiles (10%),Burkina Faso (16%),Bénin (12%),Chine (27%),France (8%),B,B3,B,B,2024-04,Élevé,Oui,2019-01-09,"PNUD 2024, Banque Mondiale 2024, FMI 2024, OMC 2024, Agences notation 2024",Données 2024 complètes et validées,2024-09-16,2024,Agent_ZLECAf_2024,Fichier enrichi 2024 avec commerce international et produits détaillés,1.0,1.0,1.0,7.0,568.0,73.2,0.23,61.6,43.1,49.2,43.7,58.0,35.0,50.0,81.0,,,,,,
Tunisie,TUN,,48.3,12.5,3807,0.731,1.2,23.03,26.15,-3.12,Textiles (19%),Machines électriques (15%),Huile d'olive (8%),Phosphates (7%),Pétrole raffiné (6%),Machines et équipements (20%),Textiles (15%),Carburants (12%),Produits alimentaires (10%),Produits chimiques (8%),France (29%),Italie (16%),France (20%),Italie (16%),B-,B3,B-,B-,2024-06,Élevé,Oui,2020-09-07,"PNUD 2024, Banque Mondiale 2024, FMI 2024, OMC 2024, Agences notation 2024",Données 2024 complètes et validées,2024-09-16,2024,Agent_ZLECAf_2024,Fichier enrichi 2024 avec commerce international et produits détaillés,7.0,12.0,4.0,25.0,2165.0,88.9,0.08,76.7,32.8,0.2,69.6,100.0,79.1,70.8,24.7,,,,,,
Zambie,ZMB,,26.7,20.6,1212,0.565,5.8,14.66,11.92,2.74,Cuivre (70%),Cobalt (10%),Or (5%),Tabac (4%),Sucre (3%),Machines et équipements (25%),Carburants (15%),Produits alimentaires (12%),Véhicules (10%),Produits chimiques (8%),Suisse (44%),Chine (16%),Afrique du Sud (28%),Chine (16%),CCC+,Caa2,CCC+,CCC+,2024-05,Très Élevé,Oui,2021-01-28,"PNUD 2024, Banque Mondiale 2024, FMI 2024, OMC 2024, Agences notation 2024",Données 2024 complètes et validées,2024-09-16,2024,Agent_ZLECAf_2024,Fichier enrichi 2024 avec commerce international et produits détaillés,0.0,0.0,2.0,86.0,2157.0,131.5,0.1,63.9,57.1,64.4,46.2,46.3,38.0,60.0,73.0,,,,,,
Zimbabwe,ZWE,,31.0,16.6,1464,0.593,3.5,8.31,9.66,-1.35,Or (45%),Tabac (15%),Platine (12%),Ferrochrome (10%),Diamants (8%),Machines et équipements (25%),Carburants (15%),Produits alimentaires (18%),Véhicules (10%),Produits chimiques (8%),Émirats Arabes Unis (40%),Afrique du Sud (23%),Afrique du Sud (46%),Singapour (15%),CC,C,CC,CC,2024-03,Très Élevé,Oui,2019-04-25,"PNUD 2024, Banque Mondiale 2024, FMI 2024, OMC 2024, Agences notation 2024",Données 2024 complètes et validées,2024-09-16,2024,Agent_ZLECAf_2024,Fichier enrichi 2024 avec commerce international et produits détaillés,0.0,0.0,2.0,193.0,3427.0,88.2,0.13,61.7,50.3,38.3,32.4,48.4,35.0,58.0,83.0,,,,,,
Égypte,EGY,,348.0,102.3,3400,0.731,4.4,53.06,99.52,-46.46,Pétrole et gaz naturel (25%),Produits chimiques (15%),Textiles (12%),Produits alimentaires (10%),Or (8%),Machines et équipements (20%),Produits alimentaires (18%),Carburants (15%),Fer et acier (10%),Produits chimiques (12%),Italie (8%),États-Unis (7%),Chine (13%),États-Unis (8%),B,B2,B,B,2024-08,Élevé,Oui,2019-02-27,"PNUD 2024, Banque Mondiale 2024, FMI 2024, OMC 2024, Agences notation 2024",Données 2024 complètes et validées,2024-09-16,2024,Agent_ZLECAf_2024,Fichier enrichi 2024 avec commerce international et produits détaillés,15.0,28.0,20.0,72.0,5195.0,95.2,0.09,71.8,31.9,5.6,42.7,100.0,72.0,77.5,21.2,,,,,,
Éthiopie,ETH,,125.74,115.0,1100,0.498,7.2,3.21,7.23,-4.01,Café (30%),Or (15%),Graines oléagineuses (12%),Fleurs coupées (10%),Légumineuses (8%),Machines et équipements (20%),Carburants (18%),Véhicules (15%),Produits alimentaires (12%),Produits chimiques (10%),États-Unis (16%),Allemagne (12%),Chine (16%),États-Unis (11%),B,B2,B,B,2024-07,Élevé,Oui,2019-03-23,"PNUD 2024, Banque Mondiale 2024, FMI 2024, OMC 2024, Agences notation 2024",Données 2024 complètes et validées,2024-09-16,2024,Agent_ZLECAf_2024,Fichier enrichi 2024 avec commerce international et produits détaillés,0.0,0.0,3.0,57.0,681.0,55.3,0.05,65.5,33.7,68.7,23.2,55.0,23.1,56.8,78.2,,,,,,
Bénin,BEN,Afrique de l'Ouest,17.2,13.9,1424,,,1.47,4.68,-3.21,,,,,,,,,,,,,,,,,,,,,Non,,"World Bank Data360, AfDB",Estimé,2025-01-01,2024,,,,,,,,,,61.8,37.8,49.6,49.6,42.2,40.0,45.2,51.0,,,,,,
Érythrée,ERI,Afrique de l'Est,2.3,3.7,643,,,0.57,0.35,0.23,,,,,,,,,,,,,,,,,,,,,Non,,"World Bank Data360, AfDB",Estimé,2025-01-01,2024,,,,,,,,,,66.5,0.0,60.0,42.3,54.0,8.0,22.0,80.0,,,,,,
Libéria,LBR,Afrique de l'Ouest,3.7,5.4,729,,,2.57,22.95,-20.38,,,,,,,,,,,,,,,,,,,,,Non,,"World Bank Data360, AfDB",Estimé,2025-01-01,2024,,,,,,,,,,64.1,35.3,58.4,53.0,28.4,34.0,35.0,59.0,,,,,,
Libye,LBY,Afrique du Nord,43.9,7.0,6357,,,30.59,20.92,9.67,,,,,,,,,,,,,,,,,,,,,Non,,"World Bank Data360, AfDB",Estimé,2025-01-01,2024,,,,,,,,,,72.1,0.0,0.0,81.3,100.0,46.5,35.0,31.0,,,,,,
Madagascar,MDG,Afrique de l'Est,14.6,30.3,523,,,3.41,5.02,-1.62,,,,,,,,,,,,,,,,,,,,,Non,,"World Bank Data360, AfDB",Estimé,2025-01-01,2024,,,,,,,,,,67.0,42.6,88.5,40.4,35.0,19.0,35.0,86.0,,,,,,
Somalie,SOM,Afrique de l'Est,7.4,18.1,461,,,0.51,3.2,-2.69,,,,,,,,,,,,,,,,,,,,,Non,,"World Bank Data360, AfDB",Estimé,2025-01-01,2024,,,,,,,,,,57.4,36.8,69.4,47.9,47.0,17.0,20.0,32.0,,,,,,
Soudan du Sud,SSD,Afrique de l'Est,5.1,11.9,455,,,0.51,1.13,-0.62,,,,,,,,,,,,,,,,,,,,,Non,,"World Bank Data360, AfDB",Estimé,2025-01-01,2024,,,,,,,,,,55.0,44.1,76.4,20.8,7.7,8.0,18.0,71.0,,,,,,
Soudan,SDN,Afrique du Nord,33.7,48.1,751,,,3.1,3.7,-0.6,,,,,,,,,,,,,,,,,,,,,Non,,"World Bank Data360, AfDB",Estimé,2025-01-01,2024,,,,,,,,,,65.3,34.2,46.5,35.9,62.1,32.0,35.0,31.0,,,,,,
RASD (Sahara Occidental),ESH,Afrique du Nord,,,,,,,,,,,,,,,,,,,,,,,NR,NR,NR,NR,,Non évalué,Oui,2019-02-01,"Union Africaine, Statut spécial",En attente,2024-09-16,2024,Agent_ZLECAf_2024,"Membre fondateur UA - Territoire occupé - Pas de données commerciales disponibles",,,,,,,,,,,,,,,,,,,,0.6,
