Code;Niveau;Description_FR;Description_EN;DD_%;TVA_%;Autres_Taxes_%;Taxes_Detail;Formalites;Total_%
CHAPITRE 41;---;Peaux et cuirs;;;;;;;
410120;HS6;Peaux brutes de bovins entières ≤8kg;Whole bovine hides ≤8kg;10.0;17.0;0.0;D.D:10.0% | T.V.A:17.0%;910 Déclaration d'Importation du Produit;27.0
4101201000;HS10;Peaux brutes de bovins entières ≤8kg - Type 1;Whole bovine hides ≤8kg - Type 1;10.0;;;;;
4101202000;HS10;Peaux brutes de bovins entières ≤8kg - Type 2;Whole bovine hides ≤8kg - Type 2;10.0;;;;;
4101209000;HS10;Peaux brutes de bovins entières ≤8kg - Autre;Whole bovine hides ≤8kg - Other;10.0;;;;;
410150;HS6;Peaux brutes de bovins entières >16kg;Whole bovine hides >16kg;10.0;17.0;0.0;=;=;27.0
4101501000;HS10;Peaux brutes de bovins entières >16kg - Type 1;Whole bovine hides >16kg - Type 1;10.0;;;;;
4101502000;HS10;Peaux brutes de bovins entières >16kg - Type 2;Whole bovine hides >16kg - Type 2;10.0;;;;;
4101509000;HS10;Peaux brutes de bovins entières >16kg - Autre;Whole bovine hides >16kg - Other;10.0;;;;;
410190;HS6;Autres peaux brutes de bovins;Other raw bovine hides;10.0;17.0;0.0;=;=;27.0
4101901000;HS10;Autres peaux brutes de bovins - Type 1;Other raw bovine hides - Type 1;10.0;;;;;
4101902000;HS10;Autres peaux brutes de bovins - Type 2;Other raw bovine hides - Type 2;10.0;;;;;
4101909000;HS10;Autres peaux brutes de bovins - Autre;Other raw bovine hides - Other;10.0;;;;;
410210;HS6;Peaux brutes d'ovins lainées;Raw sheepskins with wool;10.0;17.0;0.0;=;=;27.0
4102101000;HS10;Peaux brutes d'ovins lainées - Type 1;Raw sheepskins with wool - Type 1;10.0;;;;;
4102102000;HS10;Peaux brutes d'ovins lainées - Type 2;Raw sheepskins with wool - Type 2;10.0;;;;;
4102109000;HS10;Peaux brutes d'ovins lainées - Autre;Raw sheepskins with wool - Other;10.0;;;;;
410221;HS6;Peaux d'ovins picklées;Pickled sheepskins;10.0;17.0;0.0;=;=;27.0
4102211000;HS10;Peaux d'ovins picklées - Type 1;Pickled sheepskins - Type 1;10.0;;;;;
4102212000;HS10;Peaux d'ovins picklées - Type 2;Pickled sheepskins - Type 2;10.0;;;;;
4102219000;HS10;Peaux d'ovins picklées - Autre;Pickled sheepskins - Other;10.0;;;;;
410229;HS6;Autres peaux d'ovins épilées;Other dehaired sheepskins;10.0;17.0;0.0;=;=;27.0
4102291000;HS10;Autres peaux d'ovins épilées - Type 1;Other dehaired sheepskins - Type 1;10.0;;;;;
4102292000;HS10;Autres peaux d'ovins épilées - Type 2;Other dehaired sheepskins - Type 2;10.0;;;;;
4102299000;HS10;Autres peaux d'ovins épilées - Autre;Other dehaired sheepskins - Other;10.0;;;;;
410320;HS6;Peaux de reptiles brutes;Raw reptile skins;10.0;17.0;0.0;=;=;27.0
4103201000;HS10;Peaux de reptiles brutes - Espèce 1;Raw reptile skins - Species 1;10.0;;;;;
4103202000;HS10;Peaux de reptiles brutes - Espèce 2;Raw reptile skins - Species 2;10.0;;;;;
4103209000;HS10;Peaux de reptiles brutes - Autre espèce;Raw reptile skins - Other species;10.0;;;;;
410330;HS6;De porcins;Hides and skins;10.0;17.0;0.0;=;=;27.0
4103301000;HS10;De porcins - Type 1;Hides and skins - Type 1;10.0;;;;;
4103302000;HS10;De porcins - Type 2;Hides and skins - Type 2;10.0;;;;;
4103309000;HS10;De porcins - Autre;Hides and skins - Other;10.0;;;;;
410390;HS6;Autres peaux brutes;Other raw hides;10.0;17.0;0.0;=;=;27.0
4103901000;HS10;Autres peaux brutes - Espèce 1;Other raw hides - Species 1;10.0;;;;;
4103902000;HS10;Autres peaux brutes - Espèce 2;Other raw hides - Species 2;10.0;;;;;
4103909000;HS10;Autres peaux brutes - Autre espèce;Other raw hides - Other species;10.0;;;;;
410411;HS6;Cuirs de bovins pleine fleur;Full grain bovine leather;10.0;17.0;0.0;=;=;27.0
4104111000;HS10;Cuirs de bovins pleine fleur - Type 1;Full grain bovine leather - Type 1;10.0;;;;;
4104112000;HS10;Cuirs de bovins pleine fleur - Type 2;Full grain bovine leather - Type 2;10.0;;;;;
4104119000;HS10;Cuirs de bovins pleine fleur - Autre;Full grain bovine leather - Other;10.0;;;;;
410419;HS6;Autres cuirs de bovins;Other bovine leather;10.0;17.0;0.0;=;=;27.0
4104191000;HS10;Autres cuirs de bovins - Type 1;Other bovine leather - Type 1;10.0;;;;;
4104192000;HS10;Autres cuirs de bovins - Type 2;Other bovine leather - Type 2;10.0;;;;;
4104199000;HS10;Autres cuirs de bovins - Autre;Other bovine leather - Other;10.0;;;;;
410441;HS6;Pleine fleur;côtés fleur;10.0;17.0;0.0;=;=;27.0
4104411000;HS10;Pleine fleur - Type 1;côtés fleur - Type 1;10.0;;;;;
4104412000;HS10;Pleine fleur - Type 2;côtés fleur - Type 2;10.0;;;;;
4104419000;HS10;Pleine fleur - Autre;côtés fleur - Other;10.0;;;;;
410449;HS6;Autres;Tanned or crust hides and skins;10.0;17.0;0.0;=;=;27.0
4104491000;HS10;Autres - Type 1;Tanned or crust hides and skins - Type 1;10.0;;;;;
4104492000;HS10;Autres - Type 2;Tanned or crust hides and skins - Type 2;10.0;;;;;
4104499000;HS10;Autres - Autre;Tanned or crust hides and skins - Other;10.0;;;;;
410510;HS6;Peaux tannées d'ovins sans laine;Tanned sheepskins without wool;10.0;17.0;0.0;=;=;27.0
4105101000;HS10;Peaux tannées d'ovins sans laine - Type 1;Tanned sheepskins without wool - Type 1;10.0;;;;;
4105102000;HS10;Peaux tannées d'ovins sans laine - Type 2;Tanned sheepskins without wool - Type 2;10.0;;;;;
4105109000;HS10;Peaux tannées d'ovins sans laine - Autre;Tanned sheepskins without wool - Other;10.0;;;;;
410530;HS6;A l'état sec (en croûte);Tanned or crust skins;10.0;17.0;0.0;=;=;27.0
4105301000;HS10;A l'état sec (en croûte) - Type 1;Tanned or crust skins - Type 1;10.0;;;;;
4105302000;HS10;A l'état sec (en croûte) - Type 2;Tanned or crust skins - Type 2;10.0;;;;;
4105309000;HS10;A l'état sec (en croûte) - Autre;Tanned or crust skins - Other;10.0;;;;;
410621;HS6;Cuirs de caprins à l'état humide;Wet goat leather;10.0;17.0;0.0;=;=;27.0
4106211000;HS10;Cuirs de caprins à l'état humide - Type 1;Wet goat leather - Type 1;10.0;;;;;
4106212000;HS10;Cuirs de caprins à l'état humide - Type 2;Wet goat leather - Type 2;10.0;;;;;
4106219000;HS10;Cuirs de caprins à l'état humide - Autre;Wet goat leather - Other;10.0;;;;;
410622;HS6;A l'état sec (en croûte);Tanned or crust hides and skins;10.0;17.0;0.0;=;=;27.0
4106221000;HS10;A l'état sec (en croûte) - Type 1;Tanned or crust hides and skins - Type 1;10.0;;;;;
4106222000;HS10;A l'état sec (en croûte) - Type 2;Tanned or crust hides and skins - Type 2;10.0;;;;;
4106229000;HS10;A l'état sec (en croûte) - Autre;Tanned or crust hides and skins - Other;10.0;;;;;
410631;HS6;A l'état humide (y compris wet-blue);Tanned or crust hides and skins;10.0;17.0;0.0;=;=;27.0
4106311000;HS10;A l'état humide (y compris wet-blue) - Type 1;Tanned or crust hides and skins - Type 1;10.0;;;;;
4106312000;HS10;A l'état humide (y compris wet-blue) - Type 2;Tanned or crust hides and skins - Type 2;10.0;;;;;
4106319000;HS10;A l'état humide (y compris wet-blue) - Autre;Tanned or crust hides and skins - Other;10.0;;;;;
410632;HS6;A l'état sec (en croûte);Tanned or crust hides and skins;10.0;17.0;0.0;=;=;27.0
4106321000;HS10;A l'état sec (en croûte) - Type 1;Tanned or crust hides and skins - Type 1;10.0;;;;;
4106322000;HS10;A l'état sec (en croûte) - Type 2;Tanned or crust hides and skins - Type 2;10.0;;;;;
4106329000;HS10;A l'état sec (en croûte) - Autre;Tanned or crust hides and skins - Other;10.0;;;;;
410640;HS6;De reptiles;Tanned or crust hides and skins;10.0;17.0;0.0;=;=;27.0
4106401000;HS10;De reptiles - Type 1;Tanned or crust hides and skins - Type 1;10.0;;;;;
4106402000;HS10;De reptiles - Type 2;Tanned or crust hides and skins - Type 2;10.0;;;;;
4106409000;HS10;De reptiles - Autre;Tanned or crust hides and skins - Other;10.0;;;;;
410691;HS6;A l'état humide (y compris wet-blue);Tanned or crust hides and skins;10.0;17.0;0.0;=;=;27.0
4106911000;HS10;A l'état humide (y compris wet-blue) - Type 1;Tanned or crust hides and skins - Type 1;10.0;;;;;
4106912000;HS10;A l'état humide (y compris wet-blue) - Type 2;Tanned or crust hides and skins - Type 2;10.0;;;;;
4106919000;HS10;A l'état humide (y compris wet-blue) - Autre;Tanned or crust hides and skins - Other;10.0;;;;;
410692;HS6;A l'état sec (en croûte);Tanned or crust hides and skins;10.0;17.0;0.0;=;=;27.0
4106921000;HS10;A l'état sec (en croûte) - Type 1;Tanned or crust hides and skins - Type 1;10.0;;;;;
4106922000;HS10;A l'état sec (en croûte) - Type 2;Tanned or crust hides and skins - Type 2;10.0;;;;;
4106929000;HS10;A l'état sec (en croûte) - Autre;Tanned or crust hides and skins - Other;10.0;;;;;
410711;HS6;Cuirs préparés de porcs pleine fleur;Full grain pig leather;10.0;17.0;0.0;=;=;27.0
4107111000;HS10;Cuirs préparés de porcs pleine fleur - Type 1;Full grain pig leather - Type 1;10.0;;;;;
4107112000;HS10;Cuirs préparés de porcs pleine fleur - Type 2;Full grain pig leather - Type 2;10.0;;;;;
4107119000;HS10;Cuirs préparés de porcs pleine fleur - Autre;Full grain pig leather - Other;10.0;;;;;
410712;HS6;Côtés fleur;Leather;10.0;17.0;0.0;=;=;27.0
4107121000;HS10;Côtés fleur - Type 1;Leather - Type 1;10.0;;;;;
4107122000;HS10;Côtés fleur - Type 2;Leather - Type 2;10.0;;;;;
4107129000;HS10;Côtés fleur - Autre;Leather - Other;10.0;;;;;
410719;HS6;Autres;Leather;10.0;17.0;0.0;=;=;27.0
4107191000;HS10;Autres - Type 1;Leather - Type 1;10.0;;;;;
4107192000;HS10;Autres - Type 2;Leather - Type 2;10.0;;;;;
4107199000;HS10;Autres - Autre;Leather - Other;10.0;;;;;
410791;HS6;Cuirs d'autres animaux pleine fleur;Other animal leather full grain;10.0;17.0;0.0;=;=;27.0
4107911000;HS10;Cuirs d'autres animaux pleine fleur - Espèce 1;Other animal leather full grain - Species 1;10.0;;;;;
4107912000;HS10;Cuirs d'autres animaux pleine fleur - Espèce 2;Other animal leather full grain - Species 2;10.0;;;;;
4107919000;HS10;Cuirs d'autres animaux pleine fleur - Autre espèce;Other animal leather full grain - Other species;10.0;;;;;
410792;HS6;Côtés fleur;Leather;10.0;17.0;0.0;=;=;27.0
4107921000;HS10;Côtés fleur - Type 1;Leather - Type 1;10.0;;;;;
4107922000;HS10;Côtés fleur - Type 2;Leather - Type 2;10.0;;;;;
4107929000;HS10;Côtés fleur - Autre;Leather - Other;10.0;;;;;
410799;HS6;Autres cuirs préparés;Other prepared leather;10.0;17.0;0.0;=;=;27.0
4107991000;HS10;Autres cuirs préparés - Espèce 1;Other prepared leather - Species 1;10.0;;;;;
4107992000;HS10;Autres cuirs préparés - Espèce 2;Other prepared leather - Species 2;10.0;;;;;
4107999000;HS10;Autres cuirs préparés - Autre espèce;Other prepared leather - Other species;10.0;;;;;
411200;HS6;Cuirs de bovins préparés (chamoisés);Prepared bovine leather (chamois);10.0;17.0;0.0;=;=;27.0
4112001000;HS10;Cuirs de bovins préparés (chamoisés) - Type 1;Prepared bovine leather (chamois) - Type 1;10.0;;;;;
4112002000;HS10;Cuirs de bovins préparés (chamoisés) - Type 2;Prepared bovine leather (chamois) - Type 2;10.0;;;;;
4112009000;HS10;Cuirs de bovins préparés (chamoisés) - Autre;Prepared bovine leather (chamois) - Other;10.0;;;;;
411310;HS6;Cuirs de caprins préparés;Prepared goat leather;10.0;17.0;0.0;=;=;27.0
4113101000;HS10;Cuirs de caprins préparés - Type 1;Prepared goat leather - Type 1;10.0;;;;;
4113102000;HS10;Cuirs de caprins préparés - Type 2;Prepared goat leather - Type 2;10.0;;;;;
4113109000;HS10;Cuirs de caprins préparés - Autre;Prepared goat leather - Other;10.0;;;;;
411320;HS6;De porcins;Leather;10.0;17.0;0.0;=;=;27.0
4113201000;HS10;De porcins - Type 1;Leather - Type 1;10.0;;;;;
4113202000;HS10;De porcins - Type 2;Leather - Type 2;10.0;;;;;
4113209000;HS10;De porcins - Autre;Leather - Other;10.0;;;;;
411330;HS6;De reptiles;Leather;10.0;17.0;0.0;=;=;27.0
4113301000;HS10;De reptiles - Type 1;Leather - Type 1;10.0;;;;;
4113302000;HS10;De reptiles - Type 2;Leather - Type 2;10.0;;;;;
4113309000;HS10;De reptiles - Autre;Leather - Other;10.0;;;;;
411390;HS6;Autres;Leather;10.0;17.0;0.0;=;=;27.0
4113901000;HS10;Autres - Type 1;Leather - Type 1;10.0;;;;;
4113902000;HS10;Autres - Type 2;Leather - Type 2;10.0;;;;;
4113909000;HS10;Autres - Autre;Leather - Other;10.0;;;;;
411410;HS6;Cuirs et peaux chamoisés;Chamois leather;10.0;17.0;0.0;=;=;27.0
4114101000;HS10;Cuirs et peaux chamoisés - Type 1;Chamois leather - Type 1;10.0;;;;;
4114102000;HS10;Cuirs et peaux chamoisés - Type 2;Chamois leather - Type 2;10.0;;;;;
4114109000;HS10;Cuirs et peaux chamoisés - Autre;Chamois leather - Other;10.0;;;;;
411420;HS6;Cuirs et peaux vernis;Patent leather;10.0;17.0;0.0;=;=;27.0
4114201000;HS10;Cuirs et peaux vernis - Type 1;Patent leather - Type 1;10.0;;;;;
4114202000;HS10;Cuirs et peaux vernis - Type 2;Patent leather - Type 2;10.0;;;;;
4114209000;HS10;Cuirs et peaux vernis - Autre;Patent leather - Other;10.0;;;;;
411510;HS6;Cuirs reconstitués;Composition leather;10.0;17.0;0.0;=;=;27.0
4115101000;HS10;Cuirs reconstitués - Type 1;Composition leather - Type 1;10.0;;;;;
4115102000;HS10;Cuirs reconstitués - Type 2;Composition leather - Type 2;10.0;;;;;
4115109000;HS10;Cuirs reconstitués - Autre;Composition leather - Other;10.0;;;;;
411520;HS6;Rognures de cuir;Leather parings;10.0;17.0;0.0;=;=;27.0
CHAPITRE 42;---;Ouvrages en cuir;;;;;;;
420100;HS6;Articles de sellerie et de bourrellerie;Saddlery and harness;20.0;17.0;0.0;D.D:20.0% | T.V.A:17.0%;910 Déclaration d'Importation du Produit;37.0
4201001000;HS10;Articles de sellerie et de bourrellerie - Type 1;Saddlery and harness - Type 1;20.0;;;;;
4201002000;HS10;Articles de sellerie et de bourrellerie - Type 2;Saddlery and harness - Type 2;20.0;;;;;
4201009000;HS10;Articles de sellerie et de bourrellerie - Autre;Saddlery and harness - Other;20.0;;;;;
420211;HS6;Malles et valises à surface extérieure en cuir;Trunks and suitcases with outer surface of leather;20.0;17.0;0.0;=;=;37.0
4202111000;HS10;Malles et valises à surface extérieure en cuir - Grade 1 / Premium;Trunks and suitcases with outer surface of leather - Grade 1 / Premium;20.0;;;;;
4202112000;HS10;Malles et valises à surface extérieure en cuir - Grade 2 / Standard;Trunks and suitcases with outer surface of leather - Grade 2 / Standard;20.0;;;;;
4202119000;HS10;Malles et valises à surface extérieure en cuir - Autre;Trunks and suitcases with outer surface of leather - Other;20.0;;;;;
420212;HS6;Malles et valises à surface extérieure en plastique;Trunks and suitcases with outer surface of plastics;20.0;17.0;0.0;=;=;37.0
420219;HS6;Autres malles et valises;Other trunks and suitcases;20.0;17.0;0.0;=;=;37.0
420221;HS6;Sacs à main à surface extérieure en cuir;Handbags with outer surface of leather;20.0;17.0;0.0;=;=;37.0
4202211000;HS10;Sacs à main à surface extérieure en cuir - Grade 1 / Premium;Handbags with outer surface of leather - Grade 1 / Premium;20.0;;;;;
4202212000;HS10;Sacs à main à surface extérieure en cuir - Grade 2 / Standard;Handbags with outer surface of leather - Grade 2 / Standard;20.0;;;;;
4202219000;HS10;Sacs à main à surface extérieure en cuir - Autre;Handbags with outer surface of leather - Other;20.0;;;;;
420222;HS6;Sacs à main à surface extérieure en feuilles de plastique;Handbags with outer surface of plastic sheeting;20.0;17.0;0.0;=;=;37.0
420229;HS6;Autres sacs à main;Other handbags;20.0;17.0;0.0;=;=;37.0
420231;HS6;Articles de poche à surface extérieure en cuir;Articles carried in pocket with outer surface of leather;20.0;17.0;0.0;=;=;37.0
4202311000;HS10;Articles de poche à surface extérieure en cuir - Type 1;Articles carried in pocket with outer surface of leather - Type 1;20.0;;;;;
4202312000;HS10;Articles de poche à surface extérieure en cuir - Type 2;Articles carried in pocket with outer surface of leather - Type 2;20.0;;;;;
4202319000;HS10;Articles de poche à surface extérieure en cuir - Autre;Articles carried in pocket with outer surface of leather - Other;20.0;;;;;
420232;HS6;Articles de poche à surface extérieure en plastique;Articles carried in pocket with outer surface of plastics;20.0;17.0;0.0;=;=;37.0
420239;HS6;Autres articles de poche;Other articles carried in pocket;20.0;17.0;0.0;=;=;37.0
420291;HS6;Autres contenants à surface extérieure en cuir;Other containers with outer surface of leather;20.0;17.0;0.0;=;=;37.0
420292;HS6;Autres contenants à surface extérieure en plastique;Other containers with outer surface of plastics;20.0;17.0;0.0;=;=;37.0
420299;HS6;Autres contenants;Other containers;20.0;17.0;0.0;=;=;37.0
420310;HS6;Vêtements en cuir naturel ou reconstitué;Articles of apparel of leather or of composition leather;20.0;17.0;0.0;=;=;37.0
4203101000;HS10;Vêtements en cuir naturel ou reconstitué - Type 1;Articles of apparel of leather or of composition leather - Type 1;20.0;;;;;
4203102000;HS10;Vêtements en cuir naturel ou reconstitué - Type 2;Articles of apparel of leather or of composition leather - Type 2;20.0;;;;;
4203109000;HS10;Vêtements en cuir naturel ou reconstitué - Autre;Articles of apparel of leather or of composition leather - Other;20.0;;;;;
420321;HS6;Gants de sport en cuir;Sports gloves of leather;20.0;17.0;0.0;=;=;37.0
420329;HS6;Autres gants en cuir;Other gloves of leather;20.0;17.0;0.0;=;=;37.0
420330;HS6;Ceintures et baudriers en cuir;Belts and bandoliers of leather;20.0;17.0;0.0;=;=;37.0
4203301000;HS10;Ceintures et baudriers en cuir - Type 1;Belts and bandoliers of leather - Type 1;20.0;;;;;
4203302000;HS10;Ceintures et baudriers en cuir - Type 2;Belts and bandoliers of leather - Type 2;20.0;;;;;
4203309000;HS10;Ceintures et baudriers en cuir - Autre;Belts and bandoliers of leather - Other;20.0;;;;;
420340;HS6;Autres accessoires du vêtement en cuir;Other clothing accessories of leather;20.0;17.0;0.0;=;=;37.0
420400;HS6;Articles en cuir pour usages techniques;Articles of leather for technical uses;20.0;17.0;0.0;=;=;37.0
4204000010;HS10;Articles en cuir pour usages techniques - Usage spécifique;Articles of leather for technical uses - Specific use;20.0;;;;;
4204000090;HS10;Articles en cuir pour usages techniques - Autre usage;Articles of leather for technical uses - Other use;20.0;;;;;
420500;HS6;Autres ouvrages en cuir naturel ou reconstitué;Other articles of leather or of composition leather;20.0;17.0;0.0;=;=;37.0
4205001000;HS10;Autres ouvrages en cuir naturel ou reconstitué - Type 1;Other articles of leather or of composition leather - Type 1;20.0;;;;;
4205002000;HS10;Autres ouvrages en cuir naturel ou reconstitué - Type 2;Other articles of leather or of composition leather - Type 2;20.0;;;;;
4205009000;HS10;Autres ouvrages en cuir naturel ou reconstitué - Autre;Other articles of leather or of composition leather - Other;20.0;;;;;
420600;HS6;Ouvrages en boyaux, baudruches, vessies ou tendons;Articles of gut, goldbeater's skin, bladders or tendons;20.0;17.0;0.0;=;=;37.0
CHAPITRE 43;---;Pelleteries et fourrures;;;;;;;
430110;HS6;Pelleteries brutes de visons;Raw furskins of mink;10.0;17.0;0.0;D.D:10.0% | T.V.A:17.0%;910 Déclaration d'Importation du Produit;27.0
430130;HS6;Pelleteries brutes d'agneaux astrakan, breitschwanz, karakul;Raw furskins of lamb, Astrakhan, Broadtail, Caracul;10.0;17.0;0.0;=;=;27.0
430160;HS6;Pelleteries brutes de renards;Raw furskins of fox;10.0;17.0;0.0;=;=;27.0
430180;HS6;Autres pelleteries brutes;Other raw furskins;10.0;17.0;0.0;=;=;27.0
4301801000;HS10;Autres pelleteries brutes - Type 1;Other raw furskins - Type 1;10.0;;;;;
4301802000;HS10;Autres pelleteries brutes - Type 2;Other raw furskins - Type 2;10.0;;;;;
4301809000;HS10;Autres pelleteries brutes - Autre;Other raw furskins - Other;10.0;;;;;
430190;HS6;Têtes, queues, pattes et autres morceaux de pelleteries;Heads, tails, paws and other pieces of raw furskins;10.0;17.0;0.0;=;=;27.0
430211;HS6;Pelleteries tannées de visons entières;Whole tanned furskins of mink;10.0;17.0;0.0;=;=;27.0
430219;HS6;Autres pelleteries tannées entières;Other whole tanned furskins;10.0;17.0;0.0;=;=;27.0
4302191000;HS10;Autres pelleteries tannées entières - Type 1;Other whole tanned furskins - Type 1;10.0;;;;;
4302192000;HS10;Autres pelleteries tannées entières - Type 2;Other whole tanned furskins - Type 2;10.0;;;;;
4302199000;HS10;Autres pelleteries tannées entières - Autre;Other whole tanned furskins - Other;10.0;;;;;
430220;HS6;Têtes, queues, pattes et autres morceaux de pelleteries tannées;Heads, tails, paws and other pieces of tanned furskins;10.0;17.0;0.0;=;=;27.0
430230;HS6;Pelleteries tannées assemblées en nappes;Tanned furskins assembled in plates;10.0;17.0;0.0;=;=;27.0
430310;HS6;Vêtements et accessoires du vêtement en pelleteries;Articles of apparel and clothing accessories of furskin;10.0;17.0;0.0;=;=;27.0
4303101000;HS10;Vêtements et accessoires du vêtement en pelleteries - Type 1;Articles of apparel and clothing accessories of furskin - Type 1;10.0;;;;;
4303102000;HS10;Vêtements et accessoires du vêtement en pelleteries - Type 2;Articles of apparel and clothing accessories of furskin - Type 2;10.0;;;;;
4303109000;HS10;Vêtements et accessoires du vêtement en pelleteries - Autre;Articles of apparel and clothing accessories of furskin - Other;10.0;;;;;
430390;HS6;Autres articles en pelleteries;Other articles of furskin;10.0;17.0;0.0;=;=;27.0
430400;HS6;Pelleteries factices et articles en pelleteries factices;Artificial fur and articles thereof;10.0;17.0;0.0;=;=;27.0
CHAPITRE 44;---;Bois et ouvrages en bois;;;;;;;
440111;HS6;De conifères;Wood;20.0;17.0;0.0;D.D:20.0% | T.V.A:17.0%;910 Déclaration d'Importation du Produit;37.0
4401111000;HS10;De conifères - Type 1;Wood - Type 1;20.0;;;;;
4401112000;HS10;De conifères - Type 2;Wood - Type 2;20.0;;;;;
4401119000;HS10;De conifères - Autre;Wood - Other;20.0;;;;;
440112;HS6;Autres que de conifères;Wood;20.0;17.0;0.0;=;=;37.0
4401121000;HS10;Autres que de conifères - Type 1;Wood - Type 1;20.0;;;;;
4401122000;HS10;Autres que de conifères - Type 2;Wood - Type 2;20.0;;;;;
4401129000;HS10;Autres que de conifères - Autre;Wood - Other;20.0;;;;;
440121;HS6;De conifères;Wood;20.0;17.0;0.0;=;=;37.0
4401211000;HS10;De conifères - Type 1;Wood - Type 1;20.0;;;;;
4401212000;HS10;De conifères - Type 2;Wood - Type 2;20.0;;;;;
4401219000;HS10;De conifères - Autre;Wood - Other;20.0;;;;;
440122;HS6;Autres que de conifères;Wood;20.0;17.0;0.0;=;=;37.0
4401221000;HS10;Autres que de conifères - Type 1;Wood - Type 1;20.0;;;;;
4401222000;HS10;Autres que de conifères - Type 2;Wood - Type 2;20.0;;;;;
4401229000;HS10;Autres que de conifères - Autre;Wood - Other;20.0;;;;;
440131;HS6;Granulés de bois;Wood;20.0;17.0;0.0;=;=;37.0
4401311000;HS10;Granulés de bois - Type 1;Wood - Type 1;20.0;;;;;
4401312000;HS10;Granulés de bois - Type 2;Wood - Type 2;20.0;;;;;
4401319000;HS10;Granulés de bois - Autre;Wood - Other;20.0;;;;;
440132;HS6;Briquettes de bois;Wood;20.0;17.0;0.0;=;=;37.0
4401321000;HS10;Briquettes de bois - Type 1;Wood - Type 1;20.0;;;;;
4401322000;HS10;Briquettes de bois - Type 2;Wood - Type 2;20.0;;;;;
4401329000;HS10;Briquettes de bois - Autre;Wood - Other;20.0;;;;;
440139;HS6;Autres;Wood;20.0;17.0;0.0;=;=;37.0
4401391000;HS10;Autres - Type 1;Wood - Type 1;20.0;;;;;
4401392000;HS10;Autres - Type 2;Wood - Type 2;20.0;;;;;
4401399000;HS10;Autres - Autre;Wood - Other;20.0;;;;;
440141;HS6;Sciures;Wood;20.0;17.0;0.0;=;=;37.0
4401411000;HS10;Sciures - Type 1;Wood - Type 1;20.0;;;;;
4401412000;HS10;Sciures - Type 2;Wood - Type 2;20.0;;;;;
4401419000;HS10;Sciures - Autre;Wood - Other;20.0;;;;;
440149;HS6;Autres;Wood;20.0;17.0;0.0;=;=;37.0
4401491000;HS10;Autres - Type 1;Wood - Type 1;20.0;;;;;
4401492000;HS10;Autres - Type 2;Wood - Type 2;20.0;;;;;
4401499000;HS10;Autres - Autre;Wood - Other;20.0;;;;;
440210;HS6;De bambou;Wood;20.0;17.0;0.0;=;=;37.0
4402101000;HS10;De bambou - Type 1;Wood - Type 1;20.0;;;;;
4402102000;HS10;De bambou - Type 2;Wood - Type 2;20.0;;;;;
4402109000;HS10;De bambou - Autre;Wood - Other;20.0;;;;;
440220;HS6;De coques ou de noix;Wood;20.0;17.0;0.0;=;=;37.0
4402201000;HS10;De coques ou de noix - Type 1;Wood - Type 1;20.0;;;;;
4402202000;HS10;De coques ou de noix - Type 2;Wood - Type 2;20.0;;;;;
4402209000;HS10;De coques ou de noix - Autre;Wood - Other;20.0;;;;;
440290;HS6;Autres;Wood;20.0;17.0;0.0;=;=;37.0
4402901000;HS10;Autres - Type 1;Wood - Type 1;20.0;;;;;
4402902000;HS10;Autres - Type 2;Wood - Type 2;20.0;;;;;
4402909000;HS10;Autres - Autre;Wood - Other;20.0;;;;;
440311;HS6;De conifères;Wood;20.0;17.0;0.0;=;=;37.0
4403111000;HS10;De conifères - Type 1;Wood - Type 1;20.0;;;;;
4403112000;HS10;De conifères - Type 2;Wood - Type 2;20.0;;;;;
4403119000;HS10;De conifères - Autre;Wood - Other;20.0;;;;;
440312;HS6;Autres que de conifères;Wood;20.0;17.0;0.0;=;=;37.0
4403121000;HS10;Autres que de conifères - Type 1;Wood - Type 1;20.0;;;;;
4403122000;HS10;Autres que de conifères - Type 2;Wood - Type 2;20.0;;;;;
4403129000;HS10;Autres que de conifères - Autre;Wood - Other;20.0;;;;;
440320;HS6;Bois bruts traités;Treated rough wood;20.0;17.0;0.0;=;=;37.0
4403201000;HS10;Bois bruts traités - Espèce 1;Treated rough wood - Species 1;20.0;;;;;
4403202000;HS10;Bois bruts traités - Espèce 2;Treated rough wood - Species 2;20.0;;;;;
4403209000;HS10;Bois bruts traités - Autre espèce;Treated rough wood - Other species;20.0;;;;;
440321;HS6;De pin (Pinus spp.);Wood;20.0;17.0;0.0;=;=;37.0
4403211000;HS10;De pin (Pinus spp.) - Type 1;Wood - Type 1;20.0;;;;;
4403212000;HS10;De pin (Pinus spp.) - Type 2;Wood - Type 2;20.0;;;;;
4403219000;HS10;De pin (Pinus spp.) - Autre;Wood - Other;20.0;;;;;
440322;HS6;De pin (Pinus spp.);Wood;20.0;17.0;0.0;=;=;37.0
4403221000;HS10;De pin (Pinus spp.) - Type 1;Wood - Type 1;20.0;;;;;
4403222000;HS10;De pin (Pinus spp.) - Type 2;Wood - Type 2;20.0;;;;;
4403229000;HS10;De pin (Pinus spp.) - Autre;Wood - Other;20.0;;;;;
440323;HS6;De sapin (Abies spp.) et d'épicéa (Picea spp.);Wood;20.0;17.0;0.0;=;=;37.0
4403231000;HS10;De sapin (Abies spp.) et d'épicéa (Picea spp.) - Type 1;Wood - Type 1;20.0;;;;;
4403232000;HS10;De sapin (Abies spp.) et d'épicéa (Picea spp.) - Type 2;Wood - Type 2;20.0;;;;;
4403239000;HS10;De sapin (Abies spp.) et d'épicéa (Picea spp.) - Autre;Wood - Other;20.0;;;;;
440324;HS6;De sapin (Abies spp.) et d'épicéa (Picea spp.);Wood;20.0;17.0;0.0;=;=;37.0
4403241000;HS10;De sapin (Abies spp.) et d'épicéa (Picea spp.) - Type 1;Wood - Type 1;20.0;;;;;
4403242000;HS10;De sapin (Abies spp.) et d'épicéa (Picea spp.) - Type 2;Wood - Type 2;20.0;;;;;
4403249000;HS10;De sapin (Abies spp.) et d'épicéa (Picea spp.) - Autre;Wood - Other;20.0;;;;;
440325;HS6;Autres;Wood;20.0;17.0;0.0;=;=;37.0
4403251000;HS10;Autres - Type 1;Wood - Type 1;20.0;;;;;
4403252000;HS10;Autres - Type 2;Wood - Type 2;20.0;;;;;
4403259000;HS10;Autres - Autre;Wood - Other;20.0;;;;;
440326;HS6;Autres;Wood;20.0;17.0;0.0;=;=;37.0
4403261000;HS10;Autres - Type 1;Wood - Type 1;20.0;;;;;
4403262000;HS10;Autres - Type 2;Wood - Type 2;20.0;;;;;
4403269000;HS10;Autres - Autre;Wood - Other;20.0;;;;;
440341;HS6;Dark red Meranti;Wood;20.0;17.0;0.0;=;=;37.0
4403411000;HS10;Dark red Meranti - Type 1;Wood - Type 1;20.0;;;;;
4403412000;HS10;Dark red Meranti - Type 2;Wood - Type 2;20.0;;;;;
4403419000;HS10;Dark red Meranti - Autre;Wood - Other;20.0;;;;;
440342;HS6;Teak;Wood;20.0;17.0;0.0;=;=;37.0
4403421000;HS10;Teak - Type 1;Wood - Type 1;20.0;;;;;
4403422000;HS10;Teak - Type 2;Wood - Type 2;20.0;;;;;
4403429000;HS10;Teak - Autre;Wood - Other;20.0;;;;;
440349;HS6;Autres;Wood;20.0;17.0;0.0;=;=;37.0
4403491000;HS10;Autres - Type 1;Wood - Type 1;20.0;;;;;
4403492000;HS10;Autres - Type 2;Wood - Type 2;20.0;;;;;
4403499000;HS10;Autres - Autre;Wood - Other;20.0;;;;;
440391;HS6;De chêne (Quercus spp.);Wood;20.0;17.0;0.0;=;=;37.0
4403911000;HS10;De chêne (Quercus spp.) - Type 1;Wood - Type 1;20.0;;;;;
4403912000;HS10;De chêne (Quercus spp.) - Type 2;Wood - Type 2;20.0;;;;;
4403919000;HS10;De chêne (Quercus spp.) - Autre;Wood - Other;20.0;;;;;
440393;HS6;De hêtre (Fagus spp.);Wood;20.0;17.0;0.0;=;=;37.0
4403931000;HS10;De hêtre (Fagus spp.) - Type 1;Wood - Type 1;20.0;;;;;
4403932000;HS10;De hêtre (Fagus spp.) - Type 2;Wood - Type 2;20.0;;;;;
4403939000;HS10;De hêtre (Fagus spp.) - Autre;Wood - Other;20.0;;;;;
440394;HS6;De hêtre (Fagus spp.);Wood;20.0;17.0;0.0;=;=;37.0
4403941000;HS10;De hêtre (Fagus spp.) - Type 1;Wood - Type 1;20.0;;;;;
4403942000;HS10;De hêtre (Fagus spp.) - Type 2;Wood - Type 2;20.0;;;;;
4403949000;HS10;De hêtre (Fagus spp.) - Autre;Wood - Other;20.0;;;;;
440395;HS6;De bouleau (Betula spp.);Wood;20.0;17.0;0.0;=;=;37.0
4403951000;HS10;De bouleau (Betula spp.) - Type 1;Wood - Type 1;20.0;;;;;
4403952000;HS10;De bouleau (Betula spp.) - Type 2;Wood - Type 2;20.0;;;;;
4403959000;HS10;De bouleau (Betula spp.) - Autre;Wood - Other;20.0;;;;;
440396;HS6;De bouleau (Betula spp.);Wood;20.0;17.0;0.0;=;=;37.0
4403961000;HS10;De bouleau (Betula spp.) - Type 1;Wood - Type 1;20.0;;;;;
4403962000;HS10;De bouleau (Betula spp.) - Type 2;Wood - Type 2;20.0;;;;;
4403969000;HS10;De bouleau (Betula spp.) - Autre;Wood - Other;20.0;;;;;
440397;HS6;De peuplier (Populus spp.);Wood;20.0;17.0;0.0;=;=;37.0
4403971000;HS10;De peuplier (Populus spp.) - Type 1;Wood - Type 1;20.0;;;;;
4403972000;HS10;De peuplier (Populus spp.) - Type 2;Wood - Type 2;20.0;;;;;
4403979000;HS10;De peuplier (Populus spp.) - Autre;Wood - Other;20.0;;;;;
440398;HS6;D'eucalyptus (Eucalyptus spp.);Wood;20.0;17.0;0.0;=;=;37.0
4403981000;HS10;D'eucalyptus (Eucalyptus spp.) - Type 1;Wood - Type 1;20.0;;;;;
4403982000;HS10;D'eucalyptus (Eucalyptus spp.) - Type 2;Wood - Type 2;20.0;;;;;
4403989000;HS10;D'eucalyptus (Eucalyptus spp.) - Autre;Wood - Other;20.0;;;;;
440399;HS6;Autres;Wood;20.0;17.0;0.0;=;=;37.0
4403991000;HS10;Autres - Type 1;Wood - Type 1;20.0;;;;;
4403992000;HS10;Autres - Type 2;Wood - Type 2;20.0;;;;;
4403999000;HS10;Autres - Autre;Wood - Other;20.0;;;;;
440410;HS6;De conifères;Wood;20.0;17.0;0.0;=;=;37.0
4404101000;HS10;De conifères - Type 1;Wood - Type 1;20.0;;;;;
4404102000;HS10;De conifères - Type 2;Wood - Type 2;20.0;;;;;
4404109000;HS10;De conifères - Autre;Wood - Other;20.0;;;;;
440420;HS6;Autres que de conifères;Wood;20.0;17.0;0.0;=;=;37.0
4404201000;HS10;Autres que de conifères - Type 1;Wood - Type 1;20.0;;;;;
4404202000;HS10;Autres que de conifères - Type 2;Wood - Type 2;20.0;;;;;
4404209000;HS10;Autres que de conifères - Autre;Wood - Other;20.0;;;;;
440500;HS6;Laine (paille) de bois;farine de bois;20.0;17.0;0.0;=;=;37.0
4405001000;HS10;Laine (paille) de bois - Type 1;farine de bois - Type 1;20.0;;;;;
4405002000;HS10;Laine (paille) de bois - Type 2;farine de bois - Type 2;20.0;;;;;
4405009000;HS10;Laine (paille) de bois - Autre;farine de bois - Other;20.0;;;;;
440611;HS6;De conifères;Wood;20.0;17.0;0.0;=;=;37.0
4406111000;HS10;De conifères - Type 1;Wood - Type 1;20.0;;;;;
4406112000;HS10;De conifères - Type 2;Wood - Type 2;20.0;;;;;
4406119000;HS10;De conifères - Autre;Wood - Other;20.0;;;;;
440612;HS6;Autres que de conifères;Wood;20.0;17.0;0.0;=;=;37.0
4406121000;HS10;Autres que de conifères - Type 1;Wood - Type 1;20.0;;;;;
4406122000;HS10;Autres que de conifères - Type 2;Wood - Type 2;20.0;;;;;
4406129000;HS10;Autres que de conifères - Autre;Wood - Other;20.0;;;;;
440691;HS6;De conifères;Wood;20.0;17.0;0.0;=;=;37.0
4406911000;HS10;De conifères - Type 1;Wood - Type 1;20.0;;;;;
4406912000;HS10;De conifères - Type 2;Wood - Type 2;20.0;;;;;
4406919000;HS10;De conifères - Autre;Wood - Other;20.0;;;;;
440692;HS6;Autres que de conifères;Wood;20.0;17.0;0.0;=;=;37.0
4406921000;HS10;Autres que de conifères - Type 1;Wood - Type 1;20.0;;;;;
4406922000;HS10;Autres que de conifères - Type 2;Wood - Type 2;20.0;;;;;
4406929000;HS10;Autres que de conifères - Autre;Wood - Other;20.0;;;;;
440711;HS6;De pins (Pinus spp.) :;Wood;20.0;17.0;0.0;=;=;37.0
4407111000;HS10;De pins (Pinus spp.) : - Type 1;Wood - Type 1;20.0;;;;;
4407112000;HS10;De pins (Pinus spp.) : - Type 2;Wood - Type 2;20.0;;;;;
4407119000;HS10;De pins (Pinus spp.) : - Autre;Wood - Other;20.0;;;;;
440712;HS6;De sapin (Abies spp.) et d'épicéa (Picea spp.) :;Wood;20.0;17.0;0.0;=;=;37.0
4407121000;HS10;De sapin (Abies spp.) et d'épicéa (Picea spp.) : - Type 1;Wood - Type 1;20.0;;;;;
4407122000;HS10;De sapin (Abies spp.) et d'épicéa (Picea spp.) : - Type 2;Wood - Type 2;20.0;;;;;
4407129000;HS10;De sapin (Abies spp.) et d'épicéa (Picea spp.) : - Autre;Wood - Other;20.0;;;;;
440713;HS6;De E-P-S (épicéa (Picea spp.);Wood;20.0;17.0;0.0;=;=;37.0
4407131000;HS10;De E-P-S (épicéa (Picea spp.) - Type 1;Wood - Type 1;20.0;;;;;
4407132000;HS10;De E-P-S (épicéa (Picea spp.) - Type 2;Wood - Type 2;20.0;;;;;
4407139000;HS10;De E-P-S (épicéa (Picea spp.) - Autre;Wood - Other;20.0;;;;;
440714;HS6;De Hem-fir (hemlock de l'Ouest (Tsuga heterophylla) et sapin (Abies spp.) :;Wood;20.0;17.0;0.0;=;=;37.0
4407141000;HS10;De Hem-fir (hemlock de l'Ouest (Tsuga heterophylla) et sapin (Abies spp.) : - Type 1;Wood - Type 1;20.0;;;;;
4407142000;HS10;De Hem-fir (hemlock de l'Ouest (Tsuga heterophylla) et sapin (Abies spp.) : - Type 2;Wood - Type 2;20.0;;;;;
4407149000;HS10;De Hem-fir (hemlock de l'Ouest (Tsuga heterophylla) et sapin (Abies spp.) : - Autre;Wood - Other;20.0;;;;;
440719;HS6;Autres;Wood;20.0;17.0;0.0;=;=;37.0
4407191000;HS10;Autres - Type 1;Wood - Type 1;20.0;;;;;
4407192000;HS10;Autres - Type 2;Wood - Type 2;20.0;;;;;
4407199000;HS10;Autres - Autre;Wood - Other;20.0;;;;;
440721;HS6;Mahogany (Swietenia spp.);Wood;20.0;17.0;0.0;=;=;37.0
4407211000;HS10;Mahogany (Swietenia spp.) - Type 1;Wood - Type 1;20.0;;;;;
4407212000;HS10;Mahogany (Swietenia spp.) - Type 2;Wood - Type 2;20.0;;;;;
4407219000;HS10;Mahogany (Swietenia spp.) - Autre;Wood - Other;20.0;;;;;
440722;HS6;Virola;Wood;20.0;17.0;0.0;=;=;37.0
4407221000;HS10;Virola - Type 1;Wood - Type 1;20.0;;;;;
4407222000;HS10;Virola - Type 2;Wood - Type 2;20.0;;;;;
4407229000;HS10;Virola - Autre;Wood - Other;20.0;;;;;
440723;HS6;Teak;Wood;20.0;17.0;0.0;=;=;37.0
4407231000;HS10;Teak - Type 1;Wood - Type 1;20.0;;;;;
4407232000;HS10;Teak - Type 2;Wood - Type 2;20.0;;;;;
4407239000;HS10;Teak - Autre;Wood - Other;20.0;;;;;
440725;HS6;Dark Red Maranti;Wood;20.0;17.0;0.0;=;=;37.0
4407251000;HS10;Dark Red Maranti - Type 1;Wood - Type 1;20.0;;;;;
4407252000;HS10;Dark Red Maranti - Type 2;Wood - Type 2;20.0;;;;;
4407259000;HS10;Dark Red Maranti - Autre;Wood - Other;20.0;;;;;
440726;HS6;White Lauan;Wood;20.0;17.0;0.0;=;=;37.0
4407261000;HS10;White Lauan - Type 1;Wood - Type 1;20.0;;;;;
4407262000;HS10;White Lauan - Type 2;Wood - Type 2;20.0;;;;;
4407269000;HS10;White Lauan - Autre;Wood - Other;20.0;;;;;
440727;HS6;Sapelli;Wood;20.0;17.0;0.0;=;=;37.0
4407271000;HS10;Sapelli - Type 1;Wood - Type 1;20.0;;;;;
4407272000;HS10;Sapelli - Type 2;Wood - Type 2;20.0;;;;;
4407279000;HS10;Sapelli - Autre;Wood - Other;20.0;;;;;
440728;HS6;Iroko;Wood;20.0;17.0;0.0;=;=;37.0
4407281000;HS10;Iroko - Type 1;Wood - Type 1;20.0;;;;;
4407282000;HS10;Iroko - Type 2;Wood - Type 2;20.0;;;;;
4407289000;HS10;Iroko - Autre;Wood - Other;20.0;;;;;
440729;HS6;Autres;Wood;20.0;17.0;0.0;=;=;37.0
4407291000;HS10;Autres - Type 1;Wood - Type 1;20.0;;;;;
4407292000;HS10;Autres - Type 2;Wood - Type 2;20.0;;;;;
4407299000;HS10;Autres - Autre;Wood - Other;20.0;;;;;
440791;HS6;De chêne (Quercus spp.);Wood;20.0;17.0;0.0;=;=;37.0
4407911000;HS10;De chêne (Quercus spp.) - Type 1;Wood - Type 1;20.0;;;;;
4407912000;HS10;De chêne (Quercus spp.) - Type 2;Wood - Type 2;20.0;;;;;
4407919000;HS10;De chêne (Quercus spp.) - Autre;Wood - Other;20.0;;;;;
440792;HS6;De hêtre (Fagus spp.);Wood;20.0;17.0;0.0;=;=;37.0
4407921000;HS10;De hêtre (Fagus spp.) - Type 1;Wood - Type 1;20.0;;;;;
4407922000;HS10;De hêtre (Fagus spp.) - Type 2;Wood - Type 2;20.0;;;;;
4407929000;HS10;De hêtre (Fagus spp.) - Autre;Wood - Other;20.0;;;;;
440793;HS6;D'érable (Acer spp);Wood;20.0;17.0;0.0;=;=;37.0
4407931000;HS10;D'érable (Acer spp) - Type 1;Wood - Type 1;20.0;;;;;
4407932000;HS10;D'érable (Acer spp) - Type 2;Wood - Type 2;20.0;;;;;
4407939000;HS10;D'érable (Acer spp) - Autre;Wood - Other;20.0;;;;;
440794;HS6;De cerisier (Prunus spp);Wood;20.0;17.0;0.0;=;=;37.0
4407941000;HS10;De cerisier (Prunus spp) - Type 1;Wood - Type 1;20.0;;;;;
4407942000;HS10;De cerisier (Prunus spp) - Type 2;Wood - Type 2;20.0;;;;;
4407949000;HS10;De cerisier (Prunus spp) - Autre;Wood - Other;20.0;;;;;
440795;HS6;De frêne (Fraxinus spp.);Wood;20.0;17.0;0.0;=;=;37.0
4407951000;HS10;De frêne (Fraxinus spp.) - Type 1;Wood - Type 1;20.0;;;;;
4407952000;HS10;De frêne (Fraxinus spp.) - Type 2;Wood - Type 2;20.0;;;;;
4407959000;HS10;De frêne (Fraxinus spp.) - Autre;Wood - Other;20.0;;;;;
440796;HS6;De bouleau (Betula spp.);Wood;20.0;17.0;0.0;=;=;37.0
4407961000;HS10;De bouleau (Betula spp.) - Type 1;Wood - Type 1;20.0;;;;;
4407962000;HS10;De bouleau (Betula spp.) - Type 2;Wood - Type 2;20.0;;;;;
4407969000;HS10;De bouleau (Betula spp.) - Autre;Wood - Other;20.0;;;;;
440797;HS6;De peuplier (Populus spp.);Wood;20.0;17.0;0.0;=;=;37.0
4407971000;HS10;De peuplier (Populus spp.) - Type 1;Wood - Type 1;20.0;;;;;
4407972000;HS10;De peuplier (Populus spp.) - Type 2;Wood - Type 2;20.0;;;;;
4407979000;HS10;De peuplier (Populus spp.) - Autre;Wood - Other;20.0;;;;;
440799;HS6;Autres;Wood;20.0;17.0;0.0;=;=;37.0
4407991000;HS10;Autres - Type 1;Wood - Type 1;20.0;;;;;
4407992000;HS10;Autres - Type 2;Wood - Type 2;20.0;;;;;
4407999000;HS10;Autres - Autre;Wood - Other;20.0;;;;;
440810;HS6;De conifères;Wood;20.0;17.0;0.0;=;=;37.0
4408101000;HS10;De conifères - Type 1;Wood - Type 1;20.0;;;;;
4408102000;HS10;De conifères - Type 2;Wood - Type 2;20.0;;;;;
4408109000;HS10;De conifères - Autre;Wood - Other;20.0;;;;;
440831;HS6;Dark Red Meranti;Wood;20.0;17.0;0.0;=;=;37.0
4408311000;HS10;Dark Red Meranti - Type 1;Wood - Type 1;20.0;;;;;
4408312000;HS10;Dark Red Meranti - Type 2;Wood - Type 2;20.0;;;;;
4408319000;HS10;Dark Red Meranti - Autre;Wood - Other;20.0;;;;;
440839;HS6;Autres;Wood;20.0;17.0;0.0;=;=;37.0
4408391000;HS10;Autres - Type 1;Wood - Type 1;20.0;;;;;
4408392000;HS10;Autres - Type 2;Wood - Type 2;20.0;;;;;
4408399000;HS10;Autres - Autre;Wood - Other;20.0;;;;;
440890;HS6;Autres;Wood;20.0;17.0;0.0;=;=;37.0
4408901000;HS10;Autres - Type 1;Wood - Type 1;20.0;;;;;
4408902000;HS10;Autres - Type 2;Wood - Type 2;20.0;;;;;
4408909000;HS10;Autres - Autre;Wood - Other;20.0;;;;;
440910;HS6;De conifères;Wood;20.0;17.0;0.0;=;=;37.0
4409101000;HS10;De conifères - Type 1;Wood - Type 1;20.0;;;;;
4409102000;HS10;De conifères - Type 2;Wood - Type 2;20.0;;;;;
4409109000;HS10;De conifères - Autre;Wood - Other;20.0;;;;;
440921;HS6;En bambou;Wood;20.0;17.0;0.0;=;=;37.0
4409211000;HS10;En bambou - Type 1;Wood - Type 1;20.0;;;;;
4409212000;HS10;En bambou - Type 2;Wood - Type 2;20.0;;;;;
4409219000;HS10;En bambou - Autre;Wood - Other;20.0;;;;;
440922;HS6;De bois tropicaux;Wood;20.0;17.0;0.0;=;=;37.0
4409221000;HS10;De bois tropicaux - Type 1;Wood - Type 1;20.0;;;;;
4409222000;HS10;De bois tropicaux - Type 2;Wood - Type 2;20.0;;;;;
4409229000;HS10;De bois tropicaux - Autre;Wood - Other;20.0;;;;;
440929;HS6;Autres :;Wood;20.0;17.0;0.0;=;=;37.0
4409291000;HS10;Autres : - Type 1;Wood - Type 1;20.0;;;;;
4409292000;HS10;Autres : - Type 2;Wood - Type 2;20.0;;;;;
4409299000;HS10;Autres : - Autre;Wood - Other;20.0;;;;;
441011;HS6;Panneaux de particules;Particle board of wood;20.0;17.0;0.0;=;=;37.0
4410111000;HS10;Panneaux de particules - Type 1;Particle board of wood - Type 1;20.0;;;;;
4410112000;HS10;Panneaux de particules - Type 2;Particle board of wood - Type 2;20.0;;;;;
4410119000;HS10;Panneaux de particules - Autre;Particle board of wood - Other;20.0;;;;;
441012;HS6;Panneaux dits oriented strand board (OSB);Oriented strand board (OSB) of wood;20.0;17.0;0.0;=;=;37.0
4410121000;HS10;Panneaux dits oriented strand board (OSB) - Type 1;Oriented strand board (OSB) of wood - Type 1;20.0;;;;;
4410122000;HS10;Panneaux dits oriented strand board (OSB) - Type 2;Oriented strand board (OSB) of wood - Type 2;20.0;;;;;
4410129000;HS10;Panneaux dits oriented strand board (OSB) - Autre;Oriented strand board (OSB) of wood - Other;20.0;;;;;
441019;HS6;Autres;Wafer board and similar board of wood n.e.c. in item no. 4410.1;20.0;17.0;0.0;=;=;37.0
4410191000;HS10;Autres - Type 1;Wafer board and similar board of wood n.e.c. in item no. 4410.1 - Type 1;20.0;;;;;
4410192000;HS10;Autres - Type 2;Wafer board and similar board of wood n.e.c. in item no. 4410.1 - Type 2;20.0;;;;;
4410199000;HS10;Autres - Autre;Wafer board and similar board of wood n.e.c. in item no. 4410.1 - Other;20.0;;;;;
441090;HS6;Autres;Particle board;20.0;17.0;0.0;=;=;37.0
4410901000;HS10;Autres - Type 1;Particle board - Type 1;20.0;;;;;
4410902000;HS10;Autres - Type 2;Particle board - Type 2;20.0;;;;;
4410909000;HS10;Autres - Autre;Particle board - Other;20.0;;;;;
441112;HS6;D'une épaisseur n'excédant pas 5 mm;Medium density fibreboard (MDF);20.0;17.0;0.0;=;=;37.0
4411121000;HS10;D'une épaisseur n'excédant pas 5 mm - Type 1;Medium density fibreboard (MDF) - Type 1;20.0;;;;;
4411122000;HS10;D'une épaisseur n'excédant pas 5 mm - Type 2;Medium density fibreboard (MDF) - Type 2;20.0;;;;;
4411129000;HS10;D'une épaisseur n'excédant pas 5 mm - Autre;Medium density fibreboard (MDF) - Other;20.0;;;;;
441113;HS6;D'une épaisseur excédant 5 mm mais n'excédant pas 9 mm;Medium density fibreboard (MDF);20.0;17.0;0.0;=;=;37.0
4411131000;HS10;D'une épaisseur excédant 5 mm mais n'excédant pas 9 mm - Type 1;Medium density fibreboard (MDF) - Type 1;20.0;;;;;
4411132000;HS10;D'une épaisseur excédant 5 mm mais n'excédant pas 9 mm - Type 2;Medium density fibreboard (MDF) - Type 2;20.0;;;;;
4411139000;HS10;D'une épaisseur excédant 5 mm mais n'excédant pas 9 mm - Autre;Medium density fibreboard (MDF) - Other;20.0;;;;;
441114;HS6;D'une épaisseur excédant 9 mm;Medium density fibreboard (MDF);20.0;17.0;0.0;=;=;37.0
4411141000;HS10;D'une épaisseur excédant 9 mm - Type 1;Medium density fibreboard (MDF) - Type 1;20.0;;;;;
4411142000;HS10;D'une épaisseur excédant 9 mm - Type 2;Medium density fibreboard (MDF) - Type 2;20.0;;;;;
4411149000;HS10;D'une épaisseur excédant 9 mm - Autre;Medium density fibreboard (MDF) - Other;20.0;;;;;
441192;HS6;D'une masse volumique excédant 0;Fibreboard (other than MDF) of a density exceeding 0.8g/cm3;20.0;17.0;0.0;=;=;37.0
4411921000;HS10;D'une masse volumique excédant 0 - Type 1;Fibreboard (other than MDF) of a density exceeding 0.8g/cm3 - Type 1;20.0;;;;;
4411922000;HS10;D'une masse volumique excédant 0 - Type 2;Fibreboard (other than MDF) of a density exceeding 0.8g/cm3 - Type 2;20.0;;;;;
4411929000;HS10;D'une masse volumique excédant 0 - Autre;Fibreboard (other than MDF) of a density exceeding 0.8g/cm3 - Other;20.0;;;;;
441193;HS6;D'une masse volumique excédant 0;Fibreboard (other than MDF) of a density exceeding 0.5g/cm3 but not 0.8g/cm3;20.0;17.0;0.0;=;=;37.0
4411931000;HS10;D'une masse volumique excédant 0 - Type 1;Fibreboard (other than MDF) of a density exceeding 0.5g/cm3 but not 0.8g/cm3 - Type 1;20.0;;;;;
4411932000;HS10;D'une masse volumique excédant 0 - Type 2;Fibreboard (other than MDF) of a density exceeding 0.5g/cm3 but not 0.8g/cm3 - Type 2;20.0;;;;;
4411939000;HS10;D'une masse volumique excédant 0 - Autre;Fibreboard (other than MDF) of a density exceeding 0.5g/cm3 but not 0.8g/cm3 - Other;20.0;;;;;
441194;HS6;D'une masse volumique n'excédant pas 0;Fibreboard (other than MDF) of a density not exceeding 0.5g/cm3;20.0;17.0;0.0;=;=;37.0
4411941000;HS10;D'une masse volumique n'excédant pas 0 - Type 1;Fibreboard (other than MDF) of a density not exceeding 0.5g/cm3 - Type 1;20.0;;;;;
4411942000;HS10;D'une masse volumique n'excédant pas 0 - Type 2;Fibreboard (other than MDF) of a density not exceeding 0.5g/cm3 - Type 2;20.0;;;;;
4411949000;HS10;D'une masse volumique n'excédant pas 0 - Autre;Fibreboard (other than MDF) of a density not exceeding 0.5g/cm3 - Other;20.0;;;;;
441210;HS6;En bambou;Plywood;20.0;17.0;0.0;=;=;37.0
4412101000;HS10;En bambou - Type 1;Plywood - Type 1;20.0;;;;;
4412102000;HS10;En bambou - Type 2;Plywood - Type 2;20.0;;;;;
4412109000;HS10;En bambou - Autre;Plywood - Other;20.0;;;;;
441231;HS6;Ayant au moins un pli extérieur en bois tropicaux;Plywood;20.0;17.0;0.0;=;=;37.0
4412311000;HS10;Ayant au moins un pli extérieur en bois tropicaux - Type 1;Plywood - Type 1;20.0;;;;;
4412312000;HS10;Ayant au moins un pli extérieur en bois tropicaux - Type 2;Plywood - Type 2;20.0;;;;;
4412319000;HS10;Ayant au moins un pli extérieur en bois tropicaux - Autre;Plywood - Other;20.0;;;;;
441233;HS6;Autres;Plywood;20.0;17.0;0.0;=;=;37.0
4412331000;HS10;Autres - Type 1;Plywood - Type 1;20.0;;;;;
4412332000;HS10;Autres - Type 2;Plywood - Type 2;20.0;;;;;
4412339000;HS10;Autres - Autre;Plywood - Other;20.0;;;;;
441234;HS6;Autres;Plywood;20.0;17.0;0.0;=;=;37.0
4412341000;HS10;Autres - Type 1;Plywood - Type 1;20.0;;;;;
4412342000;HS10;Autres - Type 2;Plywood - Type 2;20.0;;;;;
4412349000;HS10;Autres - Autre;Plywood - Other;20.0;;;;;
441239;HS6;Autres;Plywood;20.0;17.0;0.0;=;=;37.0
4412391000;HS10;Autres - Type 1;Plywood - Type 1;20.0;;;;;
4412392000;HS10;Autres - Type 2;Plywood - Type 2;20.0;;;;;
4412399000;HS10;Autres - Autre;Plywood - Other;20.0;;;;;
441241;HS6;Ayant au moins un pli extérieur en bois tropicaux;Plywood;20.0;17.0;0.0;=;=;37.0
4412411000;HS10;Ayant au moins un pli extérieur en bois tropicaux - Type 1;Plywood - Type 1;20.0;;;;;
4412412000;HS10;Ayant au moins un pli extérieur en bois tropicaux - Type 2;Plywood - Type 2;20.0;;;;;
4412419000;HS10;Ayant au moins un pli extérieur en bois tropicaux - Autre;Plywood - Other;20.0;;;;;
441242;HS6;Autres;Laminated veneered lumber (LVL);20.0;17.0;0.0;=;=;37.0
4412421000;HS10;Autres - Type 1;Laminated veneered lumber (LVL) - Type 1;20.0;;;;;
4412422000;HS10;Autres - Type 2;Laminated veneered lumber (LVL) - Type 2;20.0;;;;;
4412429000;HS10;Autres - Autre;Laminated veneered lumber (LVL) - Other;20.0;;;;;
441249;HS6;Autres;Laminated veneered lumber (LVL);20.0;17.0;0.0;=;=;37.0
4412491000;HS10;Autres - Type 1;Laminated veneered lumber (LVL) - Type 1;20.0;;;;;
4412492000;HS10;Autres - Type 2;Laminated veneered lumber (LVL) - Type 2;20.0;;;;;
4412499000;HS10;Autres - Autre;Laminated veneered lumber (LVL) - Other;20.0;;;;;
441251;HS6;Ayant au moins un pli extérieur en bois tropicaux;Blockboard;20.0;17.0;0.0;=;=;37.0
4412511000;HS10;Ayant au moins un pli extérieur en bois tropicaux - Type 1;Blockboard - Type 1;20.0;;;;;
4412512000;HS10;Ayant au moins un pli extérieur en bois tropicaux - Type 2;Blockboard - Type 2;20.0;;;;;
4412519000;HS10;Ayant au moins un pli extérieur en bois tropicaux - Autre;Blockboard - Other;20.0;;;;;
441252;HS6;Autres;Blockboard;20.0;17.0;0.0;=;=;37.0
4412521000;HS10;Autres - Type 1;Blockboard - Type 1;20.0;;;;;
4412522000;HS10;Autres - Type 2;Blockboard - Type 2;20.0;;;;;
4412529000;HS10;Autres - Autre;Blockboard - Other;20.0;;;;;
441259;HS6;Autres;Blockboard;20.0;17.0;0.0;=;=;37.0
4412591000;HS10;Autres - Type 1;Blockboard - Type 1;20.0;;;;;
4412592000;HS10;Autres - Type 2;Blockboard - Type 2;20.0;;;;;
4412599000;HS10;Autres - Autre;Blockboard - Other;20.0;;;;;
441291;HS6;Ayant au moins un pli extérieur en bois tropicaux;Plywood;20.0;17.0;0.0;=;=;37.0
4412911000;HS10;Ayant au moins un pli extérieur en bois tropicaux - Type 1;Plywood - Type 1;20.0;;;;;
4412912000;HS10;Ayant au moins un pli extérieur en bois tropicaux - Type 2;Plywood - Type 2;20.0;;;;;
4412919000;HS10;Ayant au moins un pli extérieur en bois tropicaux - Autre;Plywood - Other;20.0;;;;;
441292;HS6;Autres;Plywood;20.0;17.0;0.0;=;=;37.0
4412921000;HS10;Autres - Type 1;Plywood - Type 1;20.0;;;;;
4412922000;HS10;Autres - Type 2;Plywood - Type 2;20.0;;;;;
4412929000;HS10;Autres - Autre;Plywood - Other;20.0;;;;;
441299;HS6;Autres;Plywood;20.0;17.0;0.0;=;=;37.0
4412991000;HS10;Autres - Type 1;Plywood - Type 1;20.0;;;;;
4412992000;HS10;Autres - Type 2;Plywood - Type 2;20.0;;;;;
4412999000;HS10;Autres - Autre;Plywood - Other;20.0;;;;;
441300;HS6;Bois dits densifiés;Wood;20.0;17.0;0.0;=;=;37.0
4413001000;HS10;Bois dits densifiés - Type 1;Wood - Type 1;20.0;;;;;
4413002000;HS10;Bois dits densifiés - Type 2;Wood - Type 2;20.0;;;;;
4413009000;HS10;Bois dits densifiés - Autre;Wood - Other;20.0;;;;;
441410;HS6;En bois tropicaux;Wooden frames;20.0;17.0;0.0;=;=;37.0
4414101000;HS10;En bois tropicaux - Type 1;Wooden frames - Type 1;20.0;;;;;
4414102000;HS10;En bois tropicaux - Type 2;Wooden frames - Type 2;20.0;;;;;
4414109000;HS10;En bois tropicaux - Autre;Wooden frames - Other;20.0;;;;;
441490;HS6;Autres;Wooden frames;20.0;17.0;0.0;=;=;37.0
4414901000;HS10;Autres - Type 1;Wooden frames - Type 1;20.0;;;;;
4414902000;HS10;Autres - Type 2;Wooden frames - Type 2;20.0;;;;;
4414909000;HS10;Autres - Autre;Wooden frames - Other;20.0;;;;;
441510;HS6;Caisses;tambours (tourets) pour câbles;20.0;17.0;0.0;=;=;37.0
4415101000;HS10;Caisses - Type 1;tambours (tourets) pour câbles - Type 1;20.0;;;;;
4415102000;HS10;Caisses - Type 2;tambours (tourets) pour câbles - Type 2;20.0;;;;;
4415109000;HS10;Caisses - Autre;tambours (tourets) pour câbles - Other;20.0;;;;;
441520;HS6;Palettes simples;rehausses de palettes;20.0;17.0;0.0;=;=;37.0
4415201000;HS10;Palettes simples - Type 1;rehausses de palettes - Type 1;20.0;;;;;
4415202000;HS10;Palettes simples - Type 2;rehausses de palettes - Type 2;20.0;;;;;
4415209000;HS10;Palettes simples - Autre;rehausses de palettes - Other;20.0;;;;;
441600;HS6;Futailles;Wood;20.0;17.0;0.0;=;=;37.0
4416001000;HS10;Futailles - Type 1;Wood - Type 1;20.0;;;;;
4416002000;HS10;Futailles - Type 2;Wood - Type 2;20.0;;;;;
4416009000;HS10;Futailles - Autre;Wood - Other;20.0;;;;;
441700;HS6;Outils;formes;20.0;17.0;0.0;=;=;37.0
4417001000;HS10;Outils - Type 1;formes - Type 1;20.0;;;;;
4417002000;HS10;Outils - Type 2;formes - Type 2;20.0;;;;;
4417009000;HS10;Outils - Autre;formes - Other;20.0;;;;;
441811;HS6;En bois tropicaux;Wood;20.0;17.0;0.0;=;=;37.0
4418111000;HS10;En bois tropicaux - Type 1;Wood - Type 1;20.0;;;;;
4418112000;HS10;En bois tropicaux - Type 2;Wood - Type 2;20.0;;;;;
4418119000;HS10;En bois tropicaux - Autre;Wood - Other;20.0;;;;;
441819;HS6;Autres;Wood;20.0;17.0;0.0;=;=;37.0
4418191000;HS10;Autres - Type 1;Wood - Type 1;20.0;;;;;
4418192000;HS10;Autres - Type 2;Wood - Type 2;20.0;;;;;
4418199000;HS10;Autres - Autre;Wood - Other;20.0;;;;;
441821;HS6;En bois tropicaux;Wood;20.0;17.0;0.0;=;=;37.0
4418211000;HS10;En bois tropicaux - Type 1;Wood - Type 1;20.0;;;;;
4418212000;HS10;En bois tropicaux - Type 2;Wood - Type 2;20.0;;;;;
4418219000;HS10;En bois tropicaux - Autre;Wood - Other;20.0;;;;;
441829;HS6;Autres;Wood;20.0;17.0;0.0;=;=;37.0
4418291000;HS10;Autres - Type 1;Wood - Type 1;20.0;;;;;
4418292000;HS10;Autres - Type 2;Wood - Type 2;20.0;;;;;
4418299000;HS10;Autres - Autre;Wood - Other;20.0;;;;;
441830;HS6;Poteaux et poutres autres que les produits des n°s 4418.81 à 4418.89;wood;20.0;17.0;0.0;=;=;37.0
4418301000;HS10;Poteaux et poutres autres que les produits des n°s 4418.81 à 4418.89 - Type 1;wood - Type 1;20.0;;;;;
4418302000;HS10;Poteaux et poutres autres que les produits des n°s 4418.81 à 4418.89 - Type 2;wood - Type 2;20.0;;;;;
4418309000;HS10;Poteaux et poutres autres que les produits des n°s 4418.81 à 4418.89 - Autre;wood - Other;20.0;;;;;
441840;HS6;Coffrages pour le bétonnage;Wood;20.0;17.0;0.0;=;=;37.0
4418401000;HS10;Coffrages pour le bétonnage - Type 1;Wood - Type 1;20.0;;;;;
4418402000;HS10;Coffrages pour le bétonnage - Type 2;Wood - Type 2;20.0;;;;;
4418409000;HS10;Coffrages pour le bétonnage - Autre;Wood - Other;20.0;;;;;
441850;HS6;Bardeaux (shingles et shakes);Wood;20.0;17.0;0.0;=;=;37.0
4418501000;HS10;Bardeaux (shingles et shakes) - Type 1;Wood - Type 1;20.0;;;;;
4418502000;HS10;Bardeaux (shingles et shakes) - Type 2;Wood - Type 2;20.0;;;;;
4418509000;HS10;Bardeaux (shingles et shakes) - Autre;Wood - Other;20.0;;;;;
441873;HS6;En bambou ou ayant au moins la couche supérieure en bambou;Wood;20.0;17.0;0.0;=;=;37.0
4418731000;HS10;En bambou ou ayant au moins la couche supérieure en bambou - Type 1;Wood - Type 1;20.0;;;;;
4418732000;HS10;En bambou ou ayant au moins la couche supérieure en bambou - Type 2;Wood - Type 2;20.0;;;;;
4418739000;HS10;En bambou ou ayant au moins la couche supérieure en bambou - Autre;Wood - Other;20.0;;;;;
441874;HS6;Autres;Wood;20.0;17.0;0.0;=;=;37.0
4418741000;HS10;Autres - Type 1;Wood - Type 1;20.0;;;;;
4418742000;HS10;Autres - Type 2;Wood - Type 2;20.0;;;;;
4418749000;HS10;Autres - Autre;Wood - Other;20.0;;;;;
441875;HS6;Autres;Wood;20.0;17.0;0.0;=;=;37.0
4418751000;HS10;Autres - Type 1;Wood - Type 1;20.0;;;;;
4418752000;HS10;Autres - Type 2;Wood - Type 2;20.0;;;;;
4418759000;HS10;Autres - Autre;Wood - Other;20.0;;;;;
441879;HS6;Autres;Wood;20.0;17.0;0.0;=;=;37.0
4418791000;HS10;Autres - Type 1;Wood - Type 1;20.0;;;;;
4418792000;HS10;Autres - Type 2;Wood - Type 2;20.0;;;;;
4418799000;HS10;Autres - Autre;Wood - Other;20.0;;;;;
441881;HS6;Bois lamellé-collé (BLC);Wood;20.0;17.0;0.0;=;=;37.0
4418811000;HS10;Bois lamellé-collé (BLC) - Type 1;Wood - Type 1;20.0;;;;;
4418812000;HS10;Bois lamellé-collé (BLC) - Type 2;Wood - Type 2;20.0;;;;;
4418819000;HS10;Bois lamellé-collé (BLC) - Autre;Wood - Other;20.0;;;;;
441882;HS6;Bois lamellé croisé (CLT ou X-lam);Wood;20.0;17.0;0.0;=;=;37.0
4418821000;HS10;Bois lamellé croisé (CLT ou X-lam) - Type 1;Wood - Type 1;20.0;;;;;
4418822000;HS10;Bois lamellé croisé (CLT ou X-lam) - Type 2;Wood - Type 2;20.0;;;;;
4418829000;HS10;Bois lamellé croisé (CLT ou X-lam) - Autre;Wood - Other;20.0;;;;;
441883;HS6;Poutres en I;Wood;20.0;17.0;0.0;=;=;37.0
4418831000;HS10;Poutres en I - Type 1;Wood - Type 1;20.0;;;;;
4418832000;HS10;Poutres en I - Type 2;Wood - Type 2;20.0;;;;;
4418839000;HS10;Poutres en I - Autre;Wood - Other;20.0;;;;;
441889;HS6;Autres;Wood;20.0;17.0;0.0;=;=;37.0
4418891000;HS10;Autres - Type 1;Wood - Type 1;20.0;;;;;
4418892000;HS10;Autres - Type 2;Wood - Type 2;20.0;;;;;
4418899000;HS10;Autres - Autre;Wood - Other;20.0;;;;;
441891;HS6;En bambou;Wood;20.0;17.0;0.0;=;=;37.0
4418911000;HS10;En bambou - Type 1;Wood - Type 1;20.0;;;;;
4418912000;HS10;En bambou - Type 2;Wood - Type 2;20.0;;;;;
4418919000;HS10;En bambou - Autre;Wood - Other;20.0;;;;;
441892;HS6;Panneaux cellulaires en bois;Wood;20.0;17.0;0.0;=;=;37.0
4418921000;HS10;Panneaux cellulaires en bois - Type 1;Wood - Type 1;20.0;;;;;
4418922000;HS10;Panneaux cellulaires en bois - Type 2;Wood - Type 2;20.0;;;;;
4418929000;HS10;Panneaux cellulaires en bois - Autre;Wood - Other;20.0;;;;;
441899;HS6;Autres;Wood;20.0;17.0;0.0;=;=;37.0
4418991000;HS10;Autres - Type 1;Wood - Type 1;20.0;;;;;
4418992000;HS10;Autres - Type 2;Wood - Type 2;20.0;;;;;
4418999000;HS10;Autres - Autre;Wood - Other;20.0;;;;;
441911;HS6;Planches à pain;Tableware and kitchenware;20.0;17.0;0.0;=;=;37.0
4419111000;HS10;Planches à pain - Type 1;Tableware and kitchenware - Type 1;20.0;;;;;
4419112000;HS10;Planches à pain - Type 2;Tableware and kitchenware - Type 2;20.0;;;;;
4419119000;HS10;Planches à pain - Autre;Tableware and kitchenware - Other;20.0;;;;;
441912;HS6;Baguettes;Tableware and kitchenware;20.0;17.0;0.0;=;=;37.0
4419121000;HS10;Baguettes - Type 1;Tableware and kitchenware - Type 1;20.0;;;;;
4419122000;HS10;Baguettes - Type 2;Tableware and kitchenware - Type 2;20.0;;;;;
4419129000;HS10;Baguettes - Autre;Tableware and kitchenware - Other;20.0;;;;;
441919;HS6;Autres;Tableware and kitchenware;20.0;17.0;0.0;=;=;37.0
4419191000;HS10;Autres - Type 1;Tableware and kitchenware - Type 1;20.0;;;;;
4419192000;HS10;Autres - Type 2;Tableware and kitchenware - Type 2;20.0;;;;;
4419199000;HS10;Autres - Autre;Tableware and kitchenware - Other;20.0;;;;;
441920;HS6;En bois tropicaux;Tableware and kitchenware;20.0;17.0;0.0;=;=;37.0
4419201000;HS10;En bois tropicaux - Type 1;Tableware and kitchenware - Type 1;20.0;;;;;
4419202000;HS10;En bois tropicaux - Type 2;Tableware and kitchenware - Type 2;20.0;;;;;
4419209000;HS10;En bois tropicaux - Autre;Tableware and kitchenware - Other;20.0;;;;;
441990;HS6;Autres;Tableware and kitchenware;20.0;17.0;0.0;=;=;37.0
4419901000;HS10;Autres - Type 1;Tableware and kitchenware - Type 1;20.0;;;;;
4419902000;HS10;Autres - Type 2;Tableware and kitchenware - Type 2;20.0;;;;;
4419909000;HS10;Autres - Autre;Tableware and kitchenware - Other;20.0;;;;;
442011;HS6;En bois tropicaux;Wood;20.0;17.0;0.0;=;=;37.0
4420111000;HS10;En bois tropicaux - Type 1;Wood - Type 1;20.0;;;;;
4420112000;HS10;En bois tropicaux - Type 2;Wood - Type 2;20.0;;;;;
4420119000;HS10;En bois tropicaux - Autre;Wood - Other;20.0;;;;;
442019;HS6;Autres;Wood;20.0;17.0;0.0;=;=;37.0
4420191000;HS10;Autres - Type 1;Wood - Type 1;20.0;;;;;
4420192000;HS10;Autres - Type 2;Wood - Type 2;20.0;;;;;
4420199000;HS10;Autres - Autre;Wood - Other;20.0;;;;;
442090;HS6;Autres;Wood;20.0;17.0;0.0;=;=;37.0
4420901000;HS10;Autres - Type 1;Wood - Type 1;20.0;;;;;
4420902000;HS10;Autres - Type 2;Wood - Type 2;20.0;;;;;
4420909000;HS10;Autres - Autre;Wood - Other;20.0;;;;;
442110;HS6;Cintres pour vêtements;Wood;20.0;17.0;0.0;=;=;37.0
4421101000;HS10;Cintres pour vêtements - Type 1;Wood - Type 1;20.0;;;;;
4421102000;HS10;Cintres pour vêtements - Type 2;Wood - Type 2;20.0;;;;;
4421109000;HS10;Cintres pour vêtements - Autre;Wood - Other;20.0;;;;;
442120;HS6;Cercueils;Wood;20.0;17.0;0.0;=;=;37.0
4421201000;HS10;Cercueils - Type 1;Wood - Type 1;20.0;;;;;
4421202000;HS10;Cercueils - Type 2;Wood - Type 2;20.0;;;;;
4421209000;HS10;Cercueils - Autre;Wood - Other;20.0;;;;;
442191;HS6;En bambou;Wood;20.0;17.0;0.0;=;=;37.0
4421911000;HS10;En bambou - Type 1;Wood - Type 1;20.0;;;;;
4421912000;HS10;En bambou - Type 2;Wood - Type 2;20.0;;;;;
4421919000;HS10;En bambou - Autre;Wood - Other;20.0;;;;;
442199;HS6;Autres;Wood;20.0;17.0;0.0;=;=;37.0
4421991000;HS10;Autres - Type 1;Wood - Type 1;20.0;;;;;
4421992000;HS10;Autres - Type 2;Wood - Type 2;20.0;;;;;
4421999000;HS10;Autres - Autre;Wood - Other;20.0;;;;;
CHAPITRE 45;---;Liège;;;;;;;
450110;HS6;Liège naturel brut ou simplement préparé;Natural cork, raw or simply prepared;10.0;17.0;0.0;D.D:10.0% | T.V.A:17.0%;910 Déclaration d'Importation du Produit;27.0
450190;HS6;"Déchets de liège; liège concassé ou granulé";"Waste cork; crushed, granulated or ground cork";10.0;17.0;0.0;=;=;27.0
450200;HS6;Liège naturel écroûté ou équarri;Natural cork, debacked or roughly squared;10.0;17.0;0.0;=;=;27.0
450310;HS6;Bouchons en liège naturel;Corks and stoppers of natural cork;10.0;17.0;0.0;=;=;27.0
4503101000;HS10;Bouchons en liège naturel - Grade 1 / Premium;Corks and stoppers of natural cork - Grade 1 / Premium;10.0;;;;;
4503102000;HS10;Bouchons en liège naturel - Grade 2 / Standard;Corks and stoppers of natural cork - Grade 2 / Standard;10.0;;;;;
4503109000;HS10;Bouchons en liège naturel - Autre;Corks and stoppers of natural cork - Other;10.0;;;;;
450390;HS6;Autres ouvrages en liège naturel;Other articles of natural cork;10.0;17.0;0.0;=;=;27.0
4503901000;HS10;Autres ouvrages en liège naturel - Type 1;Other articles of natural cork - Type 1;10.0;;;;;
4503902000;HS10;Autres ouvrages en liège naturel - Type 2;Other articles of natural cork - Type 2;10.0;;;;;
4503909000;HS10;Autres ouvrages en liège naturel - Autre;Other articles of natural cork - Other;10.0;;;;;
450410;HS6;Liège aggloméré en cubes, plaques, feuilles;Agglomerated cork in blocks, plates, sheets;10.0;17.0;0.0;=;=;27.0
450490;HS6;Autres ouvrages en liège aggloméré;Other articles of agglomerated cork;10.0;17.0;0.0;=;=;27.0
4504901000;HS10;Autres ouvrages en liège aggloméré - Type 1;Other articles of agglomerated cork - Type 1;10.0;;;;;
4504902000;HS10;Autres ouvrages en liège aggloméré - Type 2;Other articles of agglomerated cork - Type 2;10.0;;;;;
4504909000;HS10;Autres ouvrages en liège aggloméré - Autre;Other articles of agglomerated cork - Other;10.0;;;;;
CHAPITRE 46;---;Ouvrages de sparterie/vannerie;;;;;;;
460110;HS6;Tresses et articles similaires en matières à tresser;Plaits and similar products of plaiting materials;10.0;17.0;0.0;D.D:10.0% | T.V.A:17.0%;910 Déclaration d'Importation du Produit;27.0
4601101000;HS10;Tresses et articles similaires en matières à tresser - Type 1;Plaits and similar products of plaiting materials - Type 1;10.0;;;;;
4601102000;HS10;Tresses et articles similaires en matières à tresser - Type 2;Plaits and similar products of plaiting materials - Type 2;10.0;;;;;
4601109000;HS10;Tresses et articles similaires en matières à tresser - Autre;Plaits and similar products of plaiting materials - Other;10.0;;;;;
460121;HS6;Nattes, paillassons et claies en bambou;Mats, matting and screens of bamboo;10.0;17.0;0.0;=;=;27.0
460122;HS6;Nattes, paillassons et claies en rotin;Mats, matting and screens of rattan;10.0;17.0;0.0;=;=;27.0
460129;HS6;Autres nattes, paillassons et claies en matières végétales;Other mats, matting and screens of vegetable materials;10.0;17.0;0.0;=;=;27.0
460192;HS6;Autres articles en bambou;Other articles of bamboo;10.0;17.0;0.0;=;=;27.0
4601921000;HS10;Autres articles en bambou - Type 1;Other articles of bamboo - Type 1;10.0;;;;;
4601922000;HS10;Autres articles en bambou - Type 2;Other articles of bamboo - Type 2;10.0;;;;;
4601929000;HS10;Autres articles en bambou - Autre;Other articles of bamboo - Other;10.0;;;;;
460193;HS6;Autres articles en rotin;Other articles of rattan;10.0;17.0;0.0;=;=;27.0
4601931000;HS10;Autres articles en rotin - Type 1;Other articles of rattan - Type 1;10.0;;;;;
4601932000;HS10;Autres articles en rotin - Type 2;Other articles of rattan - Type 2;10.0;;;;;
4601939000;HS10;Autres articles en rotin - Autre;Other articles of rattan - Other;10.0;;;;;
460194;HS6;Autres articles en matières végétales;Other articles of vegetable materials;10.0;17.0;0.0;=;=;27.0
4601941000;HS10;Autres articles en matières végétales - Type 1;Other articles of vegetable materials - Type 1;10.0;;;;;
4601942000;HS10;Autres articles en matières végétales - Type 2;Other articles of vegetable materials - Type 2;10.0;;;;;
4601949000;HS10;Autres articles en matières végétales - Autre;Other articles of vegetable materials - Other;10.0;;;;;
460199;HS6;Autres articles en matières à tresser;Other articles of plaiting materials;10.0;17.0;0.0;=;=;27.0
460211;HS6;Ouvrages de vannerie en bambou;Basketwork of bamboo;10.0;17.0;0.0;=;=;27.0
4602111000;HS10;Ouvrages de vannerie en bambou - Type 1;Basketwork of bamboo - Type 1;10.0;;;;;
4602112000;HS10;Ouvrages de vannerie en bambou - Type 2;Basketwork of bamboo - Type 2;10.0;;;;;
4602119000;HS10;Ouvrages de vannerie en bambou - Autre;Basketwork of bamboo - Other;10.0;;;;;
460212;HS6;Ouvrages de vannerie en rotin;Basketwork of rattan;10.0;17.0;0.0;=;=;27.0
4602121000;HS10;Ouvrages de vannerie en rotin - Type 1;Basketwork of rattan - Type 1;10.0;;;;;
4602122000;HS10;Ouvrages de vannerie en rotin - Type 2;Basketwork of rattan - Type 2;10.0;;;;;
4602129000;HS10;Ouvrages de vannerie en rotin - Autre;Basketwork of rattan - Other;10.0;;;;;
460219;HS6;Autres ouvrages de vannerie en matières végétales;Other basketwork of vegetable materials;10.0;17.0;0.0;=;=;27.0
4602191000;HS10;Autres ouvrages de vannerie en matières végétales - Type 1;Other basketwork of vegetable materials - Type 1;10.0;;;;;
4602192000;HS10;Autres ouvrages de vannerie en matières végétales - Type 2;Other basketwork of vegetable materials - Type 2;10.0;;;;;
4602199000;HS10;Autres ouvrages de vannerie en matières végétales - Autre;Other basketwork of vegetable materials - Other;10.0;;;;;
460290;HS6;Autres ouvrages de vannerie;Other basketwork;10.0;17.0;0.0;=;=;27.0
CHAPITRE 47;---;Pâtes de bois, papier recyclé;;;;;;;
470100;HS6;Pâtes mécaniques de bois;Mechanical wood pulp;10.0;17.0;0.0;D.D:10.0% | T.V.A:17.0%;910 Déclaration d'Importation du Produit;27.0
4701001000;HS10;Pâtes mécaniques de bois - Type 1;Mechanical wood pulp - Type 1;10.0;;;;;
4701002000;HS10;Pâtes mécaniques de bois - Type 2;Mechanical wood pulp - Type 2;10.0;;;;;
4701009000;HS10;Pâtes mécaniques de bois - Autre;Mechanical wood pulp - Other;10.0;;;;;
470200;HS6;Pâtes chimiques de bois à dissoudre;Chemical wood pulp, dissolving grades;10.0;17.0;0.0;=;=;27.0
470311;HS6;Pâtes chimiques de bois au sulfate, écrues, de conifères;Chemical wood pulp, soda or sulphate, unbleached, coniferous;10.0;17.0;0.0;=;=;27.0
470319;HS6;Pâtes chimiques de bois au sulfate, écrues, non conifères;Chemical wood pulp, soda or sulphate, unbleached, non-coniferous;10.0;17.0;0.0;=;=;27.0
470321;HS6;Pâtes chimiques de bois au sulfate, blanchies, de conifères;Chemical wood pulp, soda or sulphate, bleached, coniferous;10.0;17.0;0.0;=;=;27.0
470329;HS6;Pâtes chimiques de bois au sulfate, blanchies, non conifères;Chemical wood pulp, soda or sulphate, bleached, non-coniferous;10.0;17.0;0.0;=;=;27.0
470411;HS6;Pâtes chimiques de bois au bisulfite, écrues, de conifères;Chemical wood pulp, sulphite, unbleached, coniferous;10.0;17.0;0.0;=;=;27.0
470419;HS6;Pâtes chimiques de bois au bisulfite, écrues, non conifères;Chemical wood pulp, sulphite, unbleached, non-coniferous;10.0;17.0;0.0;=;=;27.0
470421;HS6;Pâtes chimiques de bois au bisulfite, blanchies, de conifères;Chemical wood pulp, sulphite, bleached, coniferous;10.0;17.0;0.0;=;=;27.0
470429;HS6;Pâtes chimiques de bois au bisulfite, blanchies, non conifères;Chemical wood pulp, sulphite, bleached, non-coniferous;10.0;17.0;0.0;=;=;27.0
470500;HS6;Pâtes de bois mi-chimiques;Semi-chemical wood pulp;10.0;17.0;0.0;=;=;27.0
470610;HS6;Pâtes de linters de coton;Pulp of cotton linters;10.0;17.0;0.0;=;=;27.0
470620;HS6;Pâtes de fibres obtenues à partir de papier récupéré;Pulps of fibres derived from recovered paper;10.0;17.0;0.0;=;=;27.0
470630;HS6;Pâtes de bambou;Bamboo pulp;10.0;17.0;0.0;=;=;27.0
470691;HS6;Pâtes mécaniques d'autres matières fibreuses cellulosiques;Mechanical pulp of other fibrous cellulosic material;10.0;17.0;0.0;=;=;27.0
470692;HS6;Pâtes chimiques d'autres matières fibreuses cellulosiques;Chemical pulp of other fibrous cellulosic material;10.0;17.0;0.0;=;=;27.0
470693;HS6;Pâtes mi-chimiques d'autres matières fibreuses cellulosiques;Semi-chemical pulp of other fibrous cellulosic material;10.0;17.0;0.0;=;=;27.0
470710;HS6;Papiers ou cartons kraft écrus;Unbleached kraft paper or paperboard;10.0;17.0;0.0;=;=;27.0
470720;HS6;Autres papiers ou cartons récupérés non triés;Other unsorted recovered paper or paperboard;10.0;17.0;0.0;=;=;27.0
470730;HS6;Papiers ou cartons obtenus principalement à partir de pâte mécanique;Paper or paperboard made mainly of mechanical pulp;10.0;17.0;0.0;=;=;27.0
470790;HS6;Autres papiers ou cartons récupérés;Other recovered paper or paperboard;10.0;17.0;0.0;=;=;27.0
CHAPITRE 48;---;Papiers et cartons;;;;;;;
480100;HS6;Papier journal en rouleaux ou en feuilles;Newsprint, in rolls or sheets;20.0;17.0;0.0;D.D:20.0% | T.V.A:17.0%;910 Déclaration d'Importation du Produit;37.0
480210;HS6;Papier fait main;Hand-made paper and paperboard;20.0;17.0;0.0;=;=;37.0
480220;HS6;Papier et carton support pour papier photosensible;Paper and paperboard for photosensitive paper;20.0;17.0;0.0;=;=;37.0
480240;HS6;Papiers supports pour papiers peints;Uncoated paper and paperboard (not 4801 or 4803);20.0;17.0;0.0;=;=;37.0
4802401000;HS10;Papiers supports pour papiers peints - Type 1;Uncoated paper and paperboard (not 4801 or 4803) - Type 1;20.0;;;;;
4802402000;HS10;Papiers supports pour papiers peints - Type 2;Uncoated paper and paperboard (not 4801 or 4803) - Type 2;20.0;;;;;
4802409000;HS10;Papiers supports pour papiers peints - Autre;Uncoated paper and paperboard (not 4801 or 4803) - Other;20.0;;;;;
480254;HS6;Papier pour écriture < 40 g/m2;Writing paper < 40 g/m2;20.0;17.0;0.0;=;=;37.0
480255;HS6;Papier pour écriture 40-150 g/m2;Writing paper 40-150 g/m2;20.0;17.0;0.0;=;=;37.0
480256;HS6;Papier pour écriture > 150 g/m2;Writing paper > 150 g/m2;20.0;17.0;0.0;=;=;37.0
480257;HS6;Autres;Uncoated paper and paperboard (not 4801 or 4803);20.0;17.0;0.0;=;=;37.0
4802571000;HS10;Autres - Type 1;Uncoated paper and paperboard (not 4801 or 4803) - Type 1;20.0;;;;;
4802572000;HS10;Autres - Type 2;Uncoated paper and paperboard (not 4801 or 4803) - Type 2;20.0;;;;;
4802579000;HS10;Autres - Autre;Uncoated paper and paperboard (not 4801 or 4803) - Other;20.0;;;;;
480258;HS6;D'un poids au m2 excédant 150 g;Uncoated paper and paperboard (not 4801 or 4803);20.0;17.0;0.0;=;=;37.0
4802581000;HS10;D'un poids au m2 excédant 150 g - Type 1;Uncoated paper and paperboard (not 4801 or 4803) - Type 1;20.0;;;;;
4802582000;HS10;D'un poids au m2 excédant 150 g - Type 2;Uncoated paper and paperboard (not 4801 or 4803) - Type 2;20.0;;;;;
4802589000;HS10;D'un poids au m2 excédant 150 g - Autre;Uncoated paper and paperboard (not 4801 or 4803) - Other;20.0;;;;;
480261;HS6;Autres papiers et cartons en rouleaux;Other paper and paperboard in rolls;20.0;17.0;0.0;=;=;37.0
480262;HS6;Autres papiers et cartons en feuilles;Other paper and paperboard in sheets;20.0;17.0;0.0;=;=;37.0
480269;HS6;Autres;Uncoated paper and paperboard (not 4801 or 4803);20.0;17.0;0.0;=;=;37.0
4802691000;HS10;Autres - Type 1;Uncoated paper and paperboard (not 4801 or 4803) - Type 1;20.0;;;;;
4802692000;HS10;Autres - Type 2;Uncoated paper and paperboard (not 4801 or 4803) - Type 2;20.0;;;;;
4802699000;HS10;Autres - Autre;Uncoated paper and paperboard (not 4801 or 4803) - Other;20.0;;;;;
480300;HS6;Papier des types utilisés pour papier de toilette;Toilet or facial tissue stock;20.0;17.0;0.0;=;=;37.0
480411;HS6;Papier kraft pour sacs écrus;Unbleached kraft sack paper;20.0;17.0;0.0;=;=;37.0
480419;HS6;Autres papiers kraft pour sacs;Other kraft sack paper;20.0;17.0;0.0;=;=;37.0
480421;HS6;Papier kraft pour sacs écru non couché;Unbleached uncoated kraft sack paper;20.0;17.0;0.0;=;=;37.0
480429;HS6;Autres papiers kraft non couchés;Other uncoated kraft paper;20.0;17.0;0.0;=;=;37.0
480431;HS6;Papier kraft écru blanchis <= 150 g/m2;Unbleached kraft paper <= 150 g/m2;20.0;17.0;0.0;=;=;37.0
480439;HS6;Autres papiers kraft écrus;Other unbleached kraft paper;20.0;17.0;0.0;=;=;37.0
480441;HS6;Papiers kraft blanchis <= 150 g/m2;Bleached kraft paper <= 150 g/m2;20.0;17.0;0.0;=;=;37.0
480442;HS6;Papiers kraft blanchis > 150 g/m2;Bleached kraft paper > 150 g/m2;20.0;17.0;0.0;=;=;37.0
480449;HS6;Autres papiers kraft blanchis;Other bleached kraft paper;20.0;17.0;0.0;=;=;37.0
480451;HS6;Papier et carton pour couverture écrus;Unbleached testliner;20.0;17.0;0.0;=;=;37.0
480452;HS6;Papier et carton pour couverture blanchis;Bleached testliner;20.0;17.0;0.0;=;=;37.0
480459;HS6;Autres papiers et cartons pour couverture;Other testliner;20.0;17.0;0.0;=;=;37.0
480511;HS6;Papier mi-chimique pour cannelure;Semi-chemical fluting paper;20.0;17.0;0.0;=;=;37.0
480512;HS6;Papier paille pour cannelure;Straw fluting paper;20.0;17.0;0.0;=;=;37.0
480519;HS6;Autres papiers pour cannelure;Other fluting paper;20.0;17.0;0.0;=;=;37.0
480524;HS6;Papier et carton pour couverture multicouches <= 150 g/m2;Multi-ply testliner <= 150 g/m2;20.0;17.0;0.0;=;=;37.0
480525;HS6;Papier et carton pour couverture multicouches > 150 g/m2;Multi-ply testliner > 150 g/m2;20.0;17.0;0.0;=;=;37.0
480530;HS6;Papier sulfite d'emballage;Sulphite wrapping paper;20.0;17.0;0.0;=;=;37.0
480540;HS6;Papier et carton filtres;Filter paper and paperboard;20.0;17.0;0.0;=;=;37.0
480550;HS6;Papier et carton feutres;Felt paper and paperboard;20.0;17.0;0.0;=;=;37.0
480591;HS6;Autres papiers et cartons <= 150 g/m2;Other paper and paperboard <= 150 g/m2;20.0;17.0;0.0;=;=;37.0
480592;HS6;Autres papiers et cartons 150-225 g/m2;Other paper and paperboard 150-225 g/m2;20.0;17.0;0.0;=;=;37.0
480593;HS6;Autres papiers et cartons > 225 g/m2;Other paper and paperboard > 225 g/m2;20.0;17.0;0.0;=;=;37.0
480610;HS6;Papier et carton sulfurisé (parchemin végétal);Vegetable parchment;20.0;17.0;0.0;=;=;37.0
480620;HS6;Papier résistant aux graisses (greaseproof);Greaseproof papers;20.0;17.0;0.0;=;=;37.0
480630;HS6;Papier-calque;Tracing papers;20.0;17.0;0.0;=;=;37.0
480640;HS6;Papier cristal et autres papiers calandrés transparents;Glassine and other glazed transparent papers;20.0;17.0;0.0;=;=;37.0
480700;HS6;Papier et carton composites non couchés;Composite paper and paperboard, not surface-coated;20.0;17.0;0.0;=;=;37.0
480810;HS6;Papier et carton ondulés;Corrugated paper and paperboard;20.0;17.0;0.0;=;=;37.0
480840;HS6;Papier kraft crêpé ou plissé;Kraft paper, creped or crinkled;20.0;17.0;0.0;=;=;37.0
480890;HS6;Autres papiers et cartons ondulés, crêpés, plissés;Other corrugated, creped, crinkled paper and paperboard;20.0;17.0;0.0;=;=;37.0
480910;HS6;Papier carbone et papiers similaires;Carbon paper and similar copying papers;20.0;17.0;0.0;=;=;37.0
480920;HS6;Papier autocopiant;Self-copy paper;20.0;17.0;0.0;=;=;37.0
480990;HS6;Autres papiers pour copie ou report;Other copying or transfer papers;20.0;17.0;0.0;=;=;37.0
481013;HS6;Papier et carton couchés au kaolin;Paper and paperboard coated with kaolin;20.0;17.0;0.0;=;=;37.0
481014;HS6;Papier et carton couchés au kaolin en rouleaux;Paper and paperboard coated with kaolin in rolls;20.0;17.0;0.0;=;=;37.0
481019;HS6;Autres papiers et cartons couchés au kaolin;Other paper and paperboard coated with kaolin;20.0;17.0;0.0;=;=;37.0
481022;HS6;Papier couché léger (LWC);Light-weight coated paper;20.0;17.0;0.0;=;=;37.0
481029;HS6;Autres papiers couchés;Other coated paper;20.0;17.0;0.0;=;=;37.0
481031;HS6;Papier et carton kraft blanchis couchés;Bleached kraft paper and paperboard, coated;20.0;17.0;0.0;=;=;37.0
481032;HS6;Papier et carton kraft blanchis couchés > 150 g/m2;Bleached kraft paper and paperboard, coated > 150 g/m2;20.0;17.0;0.0;=;=;37.0
481039;HS6;Autres papiers et cartons kraft couchés;Other coated kraft paper and paperboard;20.0;17.0;0.0;=;=;37.0
481092;HS6;Carton multicouches couché au kaolin;Multi-ply paperboard coated with kaolin;20.0;17.0;0.0;=;=;37.0
481099;HS6;Autres papiers et cartons couchés;Other coated paper and paperboard;20.0;17.0;0.0;=;=;37.0
481110;HS6;Papiers et cartons goudronnés, bitumés ou asphaltés;Tarred, bituminised or asphalted paper and paperboard;20.0;17.0;0.0;=;=;37.0
481141;HS6;Papiers et cartons auto-adhésifs;Self-adhesive paper and paperboard;20.0;17.0;0.0;=;=;37.0
481149;HS6;Autres papiers et cartons gommés ou adhésifs;Other gummed or adhesive paper and paperboard;20.0;17.0;0.0;=;=;37.0
481151;HS6;Papiers et cartons blanchis >= 150 g/m2;Bleached paper and paperboard >= 150 g/m2;20.0;17.0;0.0;=;=;37.0
481159;HS6;Autres papiers et cartons enduits ou imprégnés;Other coated or impregnated paper and paperboard;20.0;17.0;0.0;=;=;37.0
481160;HS6;Papiers et cartons enduits de cire ou stéarine;Paper and paperboard coated with wax or stearin;20.0;17.0;0.0;=;=;37.0
481190;HS6;Autres papiers, cartons, ouate de cellulose enduits;Other coated paper, paperboard, cellulose wadding;20.0;17.0;0.0;=;=;37.0
481200;HS6;Blocs et plaques filtrants en pâte à papier;Filter blocks and plates of paper pulp;20.0;17.0;0.0;=;=;37.0
481310;HS6;Papier à cigarettes en cahiers ou en tubes;Cigarette paper in form of booklets or tubes;20.0;17.0;0.0;=;=;37.0
481320;HS6;Papier à cigarettes en rouleaux;Cigarette paper in rolls;20.0;17.0;0.0;=;=;37.0
481390;HS6;Autres papiers à cigarettes;Other cigarette paper;20.0;17.0;0.0;=;=;37.0
481420;HS6;Papiers peints et revêtements muraux similaires;Wallpaper and similar wall coverings;20.0;17.0;0.0;=;=;37.0
4814201000;HS10;Papiers peints et revêtements muraux similaires - Type 1;Wallpaper and similar wall coverings - Type 1;20.0;;;;;
4814202000;HS10;Papiers peints et revêtements muraux similaires - Type 2;Wallpaper and similar wall coverings - Type 2;20.0;;;;;
4814209000;HS10;Papiers peints et revêtements muraux similaires - Autre;Wallpaper and similar wall coverings - Other;20.0;;;;;
481490;HS6;Autres papiers peints;Other wallpaper;20.0;17.0;0.0;=;=;37.0
481500;HS6;Couvre-parquets à support de papier ou carton;Floor coverings on a base of paper or paperboard;20.0;17.0;0.0;=;=;37.0
481610;HS6;Papier carbone et papiers similaires;Carbon paper and similar copying papers;20.0;17.0;0.0;=;=;37.0
481620;HS6;Papier autocopiant;Self-copy paper;20.0;17.0;0.0;=;=;37.0
481690;HS6;Autres papiers pour duplicata ou reports;Other duplicator stencils or transfer papers;20.0;17.0;0.0;=;=;37.0
481710;HS6;Enveloppes en papier ou carton;Envelopes of paper or paperboard;20.0;17.0;0.0;=;=;37.0
4817101000;HS10;Enveloppes en papier ou carton - Type 1;Envelopes of paper or paperboard - Type 1;20.0;;;;;
4817102000;HS10;Enveloppes en papier ou carton - Type 2;Envelopes of paper or paperboard - Type 2;20.0;;;;;
4817109000;HS10;Enveloppes en papier ou carton - Autre;Envelopes of paper or paperboard - Other;20.0;;;;;
481720;HS6;Cartes-lettres, cartes postales et cartes pour correspondance;Letter cards, postcards and correspondence cards;20.0;17.0;0.0;=;=;37.0
481730;HS6;Boîtes, pochettes et articles similaires contenant un assortiment d'articles de correspondance;Boxes, pouches containing correspondence articles;20.0;17.0;0.0;=;=;37.0
481810;HS6;Papier hygiénique;Toilet paper;20.0;17.0;0.0;=;=;37.0
4818101000;HS10;Papier hygiénique - Type 1;Toilet paper - Type 1;20.0;;;;;
4818102000;HS10;Papier hygiénique - Type 2;Toilet paper - Type 2;20.0;;;;;
4818109000;HS10;Papier hygiénique - Autre;Toilet paper - Other;20.0;;;;;
481820;HS6;Mouchoirs, serviettes à démaquiller et essuie-mains;Handkerchiefs, cleansing tissues and towels;20.0;17.0;0.0;=;=;37.0
4818201000;HS10;Mouchoirs, serviettes à démaquiller et essuie-mains - Type 1;Handkerchiefs, cleansing tissues and towels - Type 1;20.0;;;;;
4818202000;HS10;Mouchoirs, serviettes à démaquiller et essuie-mains - Type 2;Handkerchiefs, cleansing tissues and towels - Type 2;20.0;;;;;
4818209000;HS10;Mouchoirs, serviettes à démaquiller et essuie-mains - Autre;Handkerchiefs, cleansing tissues and towels - Other;20.0;;;;;
481830;HS6;Nappes et serviettes de table;Tablecloths and serviettes;20.0;17.0;0.0;=;=;37.0
481850;HS6;Vêtements et accessoires du vêtement en papier;Articles of apparel and clothing accessories of paper;20.0;17.0;0.0;=;=;37.0
481890;HS6;Autres articles en papier des types utilisés à des fins sanitaires;Other articles of paper for sanitary purposes;20.0;17.0;0.0;=;=;37.0
481910;HS6;Boîtes en papier ou carton ondulé;Cartons, boxes of corrugated paper or paperboard;20.0;17.0;0.0;=;=;37.0
4819101000;HS10;Boîtes en papier ou carton ondulé - Type 1;Cartons, boxes of corrugated paper or paperboard - Type 1;20.0;;;;;
4819102000;HS10;Boîtes en papier ou carton ondulé - Type 2;Cartons, boxes of corrugated paper or paperboard - Type 2;20.0;;;;;
4819109000;HS10;Boîtes en papier ou carton ondulé - Autre;Cartons, boxes of corrugated paper or paperboard - Other;20.0;;;;;
481920;HS6;Boîtes pliantes en papier ou carton non ondulé;Folding cartons of non-corrugated paper or paperboard;20.0;17.0;0.0;=;=;37.0
4819201000;HS10;Boîtes pliantes en papier ou carton non ondulé - Type 1;Folding cartons of non-corrugated paper or paperboard - Type 1;20.0;;;;;
4819202000;HS10;Boîtes pliantes en papier ou carton non ondulé - Type 2;Folding cartons of non-corrugated paper or paperboard - Type 2;20.0;;;;;
4819209000;HS10;Boîtes pliantes en papier ou carton non ondulé - Autre;Folding cartons of non-corrugated paper or paperboard - Other;20.0;;;;;
481930;HS6;Sacs en papier largeur >= 40 cm;Sacks and bags of paper width >= 40 cm;20.0;17.0;0.0;=;=;37.0
481940;HS6;Autres sacs, sachets et cornets en papier;Other sacks, bags and cones of paper;20.0;17.0;0.0;=;=;37.0
4819401000;HS10;Autres sacs, sachets et cornets en papier - Type 1;Other sacks, bags and cones of paper - Type 1;20.0;;;;;
4819402000;HS10;Autres sacs, sachets et cornets en papier - Type 2;Other sacks, bags and cones of paper - Type 2;20.0;;;;;
4819409000;HS10;Autres sacs, sachets et cornets en papier - Autre;Other sacks, bags and cones of paper - Other;20.0;;;;;
481950;HS6;Autres emballages en papier ou carton;Other packing containers of paper or paperboard;20.0;17.0;0.0;=;=;37.0
4819501000;HS10;Autres emballages en papier ou carton - Type 1;Other packing containers of paper or paperboard - Type 1;20.0;;;;;
4819502000;HS10;Autres emballages en papier ou carton - Type 2;Other packing containers of paper or paperboard - Type 2;20.0;;;;;
4819509000;HS10;Autres emballages en papier ou carton - Autre;Other packing containers of paper or paperboard - Other;20.0;;;;;
481960;HS6;Classeurs, chemises et couvertures à dossiers;Box files, letter trays and similar articles;20.0;17.0;0.0;=;=;37.0
482010;HS6;Registres, livres comptables, carnets et articles similaires;Registers, account books, notebooks and similar articles;20.0;17.0;0.0;=;=;37.0
4820101000;HS10;Registres, livres comptables, carnets et articles similaires - Type 1;Registers, account books, notebooks and similar articles - Type 1;20.0;;;;;
4820102000;HS10;Registres, livres comptables, carnets et articles similaires - Type 2;Registers, account books, notebooks and similar articles - Type 2;20.0;;;;;
4820109000;HS10;Registres, livres comptables, carnets et articles similaires - Autre;Registers, account books, notebooks and similar articles - Other;20.0;;;;;
482020;HS6;Cahiers d'écolier;Exercise books;20.0;17.0;0.0;=;=;37.0
482030;HS6;Classeurs, reliures et couvertures;Binders, folders and file covers;20.0;17.0;0.0;=;=;37.0
482040;HS6;Liasses et carnets manifold;Manifold business forms and interleaved carbon sets;20.0;17.0;0.0;=;=;37.0
482050;HS6;Albums pour échantillons ou collections;Albums for samples or for collections;20.0;17.0;0.0;=;=;37.0
482090;HS6;Autres articles de papeterie;Other articles of stationery;20.0;17.0;0.0;=;=;37.0
482110;HS6;Étiquettes en papier ou carton imprimées;Printed labels of paper or paperboard;20.0;17.0;0.0;=;=;37.0
4821101000;HS10;Étiquettes en papier ou carton imprimées - Type 1;Printed labels of paper or paperboard - Type 1;20.0;;;;;
4821102000;HS10;Étiquettes en papier ou carton imprimées - Type 2;Printed labels of paper or paperboard - Type 2;20.0;;;;;
4821109000;HS10;Étiquettes en papier ou carton imprimées - Autre;Printed labels of paper or paperboard - Other;20.0;;;;;
482190;HS6;Autres étiquettes en papier ou carton;Other labels of paper or paperboard;20.0;17.0;0.0;=;=;37.0
482210;HS6;Tambours, bobines, busettes en pâte à papier;Bobbins, spools, cops of paper pulp;20.0;17.0;0.0;=;=;37.0
482290;HS6;Autres tambours, bobines, busettes;Other bobbins, spools, cops;20.0;17.0;0.0;=;=;37.0
482311;HS6;Papiers autoadhésifs en rouleaux;Self-adhesive paper in rolls;20.0;17.0;0.0;=;=;37.0
482319;HS6;Autres papiers autoadhésifs;Other self-adhesive paper;20.0;17.0;0.0;=;=;37.0
482320;HS6;Papier et carton filtres;Filter paper and paperboard;20.0;17.0;0.0;=;=;37.0
482340;HS6;Papier à diagrammes pour appareils enregistreurs;Rolls, sheets of paper for recording apparatus;20.0;17.0;0.0;=;=;37.0
482361;HS6;Plateaux, plats et assiettes en bambou;Trays, dishes and plates of bamboo;20.0;17.0;0.0;=;=;37.0
482369;HS6;Autres plateaux, plats et assiettes en papier;Other trays, dishes and plates of paper;20.0;17.0;0.0;=;=;37.0
482370;HS6;Articles moulés en pâte à papier;Moulded articles of paper pulp;20.0;17.0;0.0;=;=;37.0
4823701000;HS10;Articles moulés en pâte à papier - Type 1;Moulded articles of paper pulp - Type 1;20.0;;;;;
4823702000;HS10;Articles moulés en pâte à papier - Type 2;Moulded articles of paper pulp - Type 2;20.0;;;;;
4823709000;HS10;Articles moulés en pâte à papier - Autre;Moulded articles of paper pulp - Other;20.0;;;;;
482390;HS6;Autres ouvrages en papier, carton, ouate de cellulose;Other articles of paper, paperboard, cellulose wadding;20.0;17.0;0.0;=;=;37.0
4823901000;HS10;Autres ouvrages en papier, carton, ouate de cellulose - Type 1;Other articles of paper, paperboard, cellulose wadding - Type 1;20.0;;;;;
4823902000;HS10;Autres ouvrages en papier, carton, ouate de cellulose - Type 2;Other articles of paper, paperboard, cellulose wadding - Type 2;20.0;;;;;
4823909000;HS10;Autres ouvrages en papier, carton, ouate de cellulose - Autre;Other articles of paper, paperboard, cellulose wadding - Other;20.0;;;;;
CHAPITRE 49;---;Produits de l'édition, presse;;;;;;;
490110;HS6;Livres, brochures et imprimés similaires en feuillets;Printed books, brochures and similar printed matter;10.0;17.0;0.0;D.D:10.0% | T.V.A:17.0%;910 Déclaration d'Importation du Produit;27.0
4901101000;HS10;Livres, brochures et imprimés similaires en feuillets - Type 1;Printed books, brochures and similar printed matter - Type 1;10.0;;;;;
4901102000;HS10;Livres, brochures et imprimés similaires en feuillets - Type 2;Printed books, brochures and similar printed matter - Type 2;10.0;;;;;
4901109000;HS10;Livres, brochures et imprimés similaires en feuillets - Autre;Printed books, brochures and similar printed matter - Other;10.0;;;;;
490191;HS6;Dictionnaires et encyclopédies;Dictionaries and encyclopaedias;10.0;17.0;0.0;=;=;27.0
490199;HS6;Autres livres, brochures et imprimés similaires;Other printed books, brochures and similar;10.0;17.0;0.0;=;=;27.0
4901991000;HS10;Autres livres, brochures et imprimés similaires - Type 1;Other printed books, brochures and similar - Type 1;10.0;;;;;
4901992000;HS10;Autres livres, brochures et imprimés similaires - Type 2;Other printed books, brochures and similar - Type 2;10.0;;;;;
4901999000;HS10;Autres livres, brochures et imprimés similaires - Autre;Other printed books, brochures and similar - Other;10.0;;;;;
490210;HS6;Journaux et publications périodiques paraissant au moins 4 fois/semaine;Newspapers and periodicals appearing at least 4 times a week;10.0;17.0;0.0;=;=;27.0
490290;HS6;Autres journaux et publications périodiques;Other newspapers and periodicals;10.0;17.0;0.0;=;=;27.0
490300;HS6;Albums ou livres d'images pour enfants;Children's picture, drawing or colouring books;10.0;17.0;0.0;=;=;27.0
490400;HS6;Musique manuscrite ou imprimée;Music, printed or in manuscript;10.0;17.0;0.0;=;=;27.0
490510;HS6;Globes terrestres ou célestes;Globes, printed;10.0;17.0;0.0;=;=;27.0
490520;HS6;Sous forme de livres ou de brochures;Maps and hydrographic or similar charts;10.0;17.0;0.0;=;=;27.0
4905201000;HS10;Sous forme de livres ou de brochures - Type 1;Maps and hydrographic or similar charts - Type 1;10.0;;;;;
4905202000;HS10;Sous forme de livres ou de brochures - Type 2;Maps and hydrographic or similar charts - Type 2;10.0;;;;;
4905209000;HS10;Sous forme de livres ou de brochures - Autre;Maps and hydrographic or similar charts - Other;10.0;;;;;
490590;HS6;Autres;Maps and hydrographic or similar charts;10.0;17.0;0.0;=;=;27.0
4905901000;HS10;Autres - Type 1;Maps and hydrographic or similar charts - Type 1;10.0;;;;;
4905902000;HS10;Autres - Type 2;Maps and hydrographic or similar charts - Type 2;10.0;;;;;
4905909000;HS10;Autres - Autre;Maps and hydrographic or similar charts - Other;10.0;;;;;
490591;HS6;Ouvrages cartographiques sous forme de livres;Cartographic works in book form;10.0;17.0;0.0;=;=;27.0
490599;HS6;Autres ouvrages cartographiques;Other cartographic works;10.0;17.0;0.0;=;=;27.0
490600;HS6;Plans et dessins d'architectes, d'ingénieurs;Plans and drawings for architectural, engineering purposes;10.0;17.0;0.0;=;=;27.0
490700;HS6;Timbres-poste, timbres fiscaux et similaires;Postage, revenue or similar stamps;10.0;17.0;0.0;=;=;27.0
4907001000;HS10;Timbres-poste, timbres fiscaux et similaires - Type 1;Postage, revenue or similar stamps - Type 1;10.0;;;;;
4907002000;HS10;Timbres-poste, timbres fiscaux et similaires - Type 2;Postage, revenue or similar stamps - Type 2;10.0;;;;;
4907009000;HS10;Timbres-poste, timbres fiscaux et similaires - Autre;Postage, revenue or similar stamps - Other;10.0;;;;;
490810;HS6;Décalcomanies vitrifiables;Transfers (decalcomanias), vitrifiable;10.0;17.0;0.0;=;=;27.0
490890;HS6;Autres décalcomanies;Other transfers (decalcomanias);10.0;17.0;0.0;=;=;27.0
490900;HS6;Cartes postales imprimées ou illustrées;Printed or illustrated postcards;10.0;17.0;0.0;=;=;27.0
4909001000;HS10;Cartes postales imprimées ou illustrées - Type 1;Printed or illustrated postcards - Type 1;10.0;;;;;
4909002000;HS10;Cartes postales imprimées ou illustrées - Type 2;Printed or illustrated postcards - Type 2;10.0;;;;;
4909009000;HS10;Cartes postales imprimées ou illustrées - Autre;Printed or illustrated postcards - Other;10.0;;;;;
491000;HS6;Calendriers de tous genres imprimés;Calendars of any kind, printed;10.0;17.0;0.0;=;=;27.0
4910001000;HS10;Calendriers de tous genres imprimés - Type 1;Calendars of any kind, printed - Type 1;10.0;;;;;
4910002000;HS10;Calendriers de tous genres imprimés - Type 2;Calendars of any kind, printed - Type 2;10.0;;;;;
4910009000;HS10;Calendriers de tous genres imprimés - Autre;Calendars of any kind, printed - Other;10.0;;;;;
491110;HS6;Imprimés publicitaires, catalogues commerciaux;Trade advertising material, commercial catalogues;10.0;17.0;0.0;=;=;27.0
4911101000;HS10;Imprimés publicitaires, catalogues commerciaux - Type 1;Trade advertising material, commercial catalogues - Type 1;10.0;;;;;
4911102000;HS10;Imprimés publicitaires, catalogues commerciaux - Type 2;Trade advertising material, commercial catalogues - Type 2;10.0;;;;;
4911109000;HS10;Imprimés publicitaires, catalogues commerciaux - Autre;Trade advertising material, commercial catalogues - Other;10.0;;;;;
491191;HS6;Images, gravures, photographies;Pictures, designs and photographs;10.0;17.0;0.0;=;=;27.0
4911911000;HS10;Images, gravures, photographies - Type 1;Pictures, designs and photographs - Type 1;10.0;;;;;
4911912000;HS10;Images, gravures, photographies - Type 2;Pictures, designs and photographs - Type 2;10.0;;;;;
4911919000;HS10;Images, gravures, photographies - Autre;Pictures, designs and photographs - Other;10.0;;;;;
491199;HS6;Autres imprimés;Other printed matter;10.0;17.0;0.0;=;=;27.0
4911991000;HS10;Autres imprimés - Type 1;Other printed matter - Type 1;10.0;;;;;
4911992000;HS10;Autres imprimés - Type 2;Other printed matter - Type 2;10.0;;;;;
4911999000;HS10;Autres imprimés - Autre;Other printed matter - Other;10.0;;;;;
CHAPITRE 50;---;Soie;;;;;;;
500100;HS6;Cocons de vers à soie;Silkworm cocoons;10.0;17.0;0.0;D.D:10.0% | T.V.A:17.0%;910 Déclaration d'Importation du Produit;27.0
500200;HS6;Soie grège;Raw silk;10.0;17.0;0.0;=;=;27.0
5002001000;HS10;Soie grège - Grade 1 / Premium;Raw silk - Grade 1 / Premium;10.0;;;;;
5002002000;HS10;Soie grège - Grade 2 / Standard;Raw silk - Grade 2 / Standard;10.0;;;;;
5002009000;HS10;Soie grège - Autre;Raw silk - Other;10.0;;;;;
500300;HS6;Déchets de soie (y compris les cocons non dévidables;Silk waste (including cocoons unsuitable for reeling;10.0;17.0;0.0;=;=;27.0
5003001000;HS10;Déchets de soie (y compris les cocons non dévidables - Type 1;Silk waste (including cocoons unsuitable for reeling - Type 1;10.0;;;;;
5003002000;HS10;Déchets de soie (y compris les cocons non dévidables - Type 2;Silk waste (including cocoons unsuitable for reeling - Type 2;10.0;;;;;
5003009000;HS10;Déchets de soie (y compris les cocons non dévidables - Autre;Silk waste (including cocoons unsuitable for reeling - Other;10.0;;;;;
500400;HS6;Fils de soie (autres que les fils de déchets de soie) non conditionnés pour la vente au détail;Silk;10.0;17.0;0.0;=;=;27.0
5004001000;HS10;Fils de soie (autres que les fils de déchets de soie) non conditionnés pour la vente au détail - Type 1;Silk - Type 1;10.0;;;;;
5004002000;HS10;Fils de soie (autres que les fils de déchets de soie) non conditionnés pour la vente au détail - Type 2;Silk - Type 2;10.0;;;;;
5004009000;HS10;Fils de soie (autres que les fils de déchets de soie) non conditionnés pour la vente au détail - Autre;Silk - Other;10.0;;;;;
500500;HS6;Fils de déchets de soie;Silk;10.0;17.0;0.0;=;=;27.0
5005001000;HS10;Fils de déchets de soie - Type 1;Silk - Type 1;10.0;;;;;
5005002000;HS10;Fils de déchets de soie - Type 2;Silk - Type 2;10.0;;;;;
5005009000;HS10;Fils de déchets de soie - Autre;Silk - Other;10.0;;;;;
500600;HS6;Fils de soie ou de déchets de soie;poil de Messine (crin de Florence);10.0;17.0;0.0;=;=;27.0
5006001000;HS10;Fils de soie ou de déchets de soie - Type 1;poil de Messine (crin de Florence) - Type 1;10.0;;;;;
5006002000;HS10;Fils de soie ou de déchets de soie - Type 2;poil de Messine (crin de Florence) - Type 2;10.0;;;;;
5006009000;HS10;Fils de soie ou de déchets de soie - Autre;poil de Messine (crin de Florence) - Other;10.0;;;;;
500710;HS6;Tissus de bourette;Silk;10.0;17.0;0.0;=;=;27.0
5007101000;HS10;Tissus de bourette - Type 1;Silk - Type 1;10.0;;;;;
5007102000;HS10;Tissus de bourette - Type 2;Silk - Type 2;10.0;;;;;
5007109000;HS10;Tissus de bourette - Autre;Silk - Other;10.0;;;;;
500720;HS6;Autres tissus;Silk;10.0;17.0;0.0;=;=;27.0
5007201000;HS10;Autres tissus - Type 1;Silk - Type 1;10.0;;;;;
5007202000;HS10;Autres tissus - Type 2;Silk - Type 2;10.0;;;;;
5007209000;HS10;Autres tissus - Autre;Silk - Other;10.0;;;;;
500790;HS6;Autres tissus;Silk;10.0;17.0;0.0;=;=;27.0
5007901000;HS10;Autres tissus - Type 1;Silk - Type 1;10.0;;;;;
5007902000;HS10;Autres tissus - Type 2;Silk - Type 2;10.0;;;;;
5007909000;HS10;Autres tissus - Autre;Silk - Other;10.0;;;;;
